id_espacio,id_fuente,tipo_espacio,nombre,descripcion,direccion,barrio,comuna,latitud,longitud,calidad_geo,dias_funcionamiento,horarios,productos,url_fuente,fecha_consulta,origen_dato,estado_datos,calidad_dato,requiere_validacion,motivo_validacion,limitaciones,observaciones,id_ubicacion
ESP00001,F03,Mercado,CENTRO DE ABASTECIMIENTO MUNICIPAL Nº 72,Centro de abastecimiento municipal / mercado,AV. CORDOBA 1750,San Nicolas,1,No disponible,No disponible,sin_geo,No disponible,No disponible,No disponible,https://data.buenosaires.gob.ar/dataset/ferias-mercados,2026-06-10,datos reales,datos reales,alta,si,Mercado sin coordenadas de fuente; no geocodificado,Sin coordenadas de fuente; no mapear hasta contar con geometria oficial,CAM Nº 72,UD1B36
ESP00002,F03,Mercado,CENTRO DE ABASTECIMIENTO MUNIPAL Nº 27,Centro de abastecimiento municipal / mercado,AV. SAENZ 790,Nueva Pompeya,4,No disponible,No disponible,sin_geo,No disponible,No disponible,No disponible,https://data.buenosaires.gob.ar/dataset/ferias-mercados,2026-06-10,datos reales,datos reales,alta,si,Mercado sin coordenadas de fuente; no geocodificado,Sin coordenadas de fuente; no mapear hasta contar con geometria oficial,CAM Nº 27,U9554B
ESP00003,F03,Mercado,CENTRO DE ABASTECIMIENTO MUNICIPAL Nº 116,Centro de abastecimiento municipal / mercado,EZEIZA Y NAZCA,Villa Pueyrredon,12,No disponible,No disponible,sin_geo,No disponible,No disponible,No disponible,https://data.buenosaires.gob.ar/dataset/ferias-mercados,2026-06-10,datos reales,datos reales,alta,si,Mercado sin coordenadas de fuente; no geocodificado,Sin coordenadas de fuente; no mapear hasta contar con geometria oficial,CAM Nº 116,UEA8D5
ESP00004,F03,Mercado,CENTRO DE ABASTECIMIENTO MUNICIPAL Nº 128,Centro de abastecimiento municipal / mercado,AV. JURAMENTO 2527,Belgrano,13,No disponible,No disponible,sin_geo,No disponible,No disponible,No disponible,https://data.buenosaires.gob.ar/dataset/ferias-mercados,2026-06-10,datos reales,datos reales,alta,si,Mercado sin coordenadas de fuente; no geocodificado,Sin coordenadas de fuente; no mapear hasta contar con geometria oficial,CAM Nº 128,U7FA8F
ESP00005,F03,Mercado,Mercado Comunitario Primera Junta,Centro de abastecimiento municipal / mercado,AV. RIVADAVIA Y ROJAS,Caballito,6,No disponible,No disponible,sin_geo,No disponible,No disponible,No disponible,https://data.buenosaires.gob.ar/dataset/ferias-mercados,2026-06-10,datos reales,datos reales,alta,si,Mercado sin coordenadas de fuente; no geocodificado,Sin coordenadas de fuente; no mapear hasta contar con geometria oficial,MC PRIMERA JUNTA,UB6E19
ESP00006,F03,Mercado,M1,Centro de abastecimiento municipal / mercado,AV. ALVAREZ THOMAS Y DORREGO,Chacarita,15,No disponible,No disponible,sin_geo,No disponible,No disponible,No disponible,https://data.buenosaires.gob.ar/dataset/ferias-mercados,2026-06-10,datos reales,datos reales,alta,si,Mercado sin coordenadas de fuente; no geocodificado,Sin coordenadas de fuente; no mapear hasta contar con geometria oficial,M1,U79DE8
ESP00007,F03,Feria especializada,Parque Los Andes,MANUALIDADES Y ANTIGÜEDADES,CORRIENTES AV. Y DORREGO AV.,Chacarita,15,-34.59175882,-58.44790009,fuente_oficial,"SABADO, DOMINGOS Y FERIADOS",No disponible,MANUALIDADES Y ANTIGÜEDADES,https://data.buenosaires.gob.ar/dataset/ferias-mercados,2026-06-10,datos reales,datos reales,alta,no,Espacio de feria publicado por fuente oficial,Feria especializada/no alimentaria; no mezclar con FIAB sin aclaracion metodologica,NA,U292E6
ESP00008,F03,Feria especializada,Mercado De Las Pulgas,ANTIGÜEDADES,"CORRIENTES AV. Y ARENAL, CONCEPCION",Chacarita,15,-34.58965268,-58.450172,fuente_oficial,MARTES A DOMINGO,No disponible,ANTIGÜEDADES,https://data.buenosaires.gob.ar/dataset/ferias-mercados,2026-06-10,datos reales,datos reales,alta,no,Espacio de feria publicado por fuente oficial,Feria especializada/no alimentaria; no mezclar con FIAB sin aclaracion metodologica,NA,U67916
ESP00009,F03,Feria especializada,Paseo Centenario,MANUALIDADES Y ANTIGÜEDADES,"PATRICIAS ARGENTINAS AV. Y MACHADO, ANTONIO",Caballito,6,-34.60459011,-58.43607955,fuente_oficial,"SABADO, DOMINGOS Y FERIADOS",No disponible,MANUALIDADES Y ANTIGÜEDADES,https://data.buenosaires.gob.ar/dataset/ferias-mercados,2026-06-10,datos reales,datos reales,alta,no,Espacio de feria publicado por fuente oficial,Feria especializada/no alimentaria; no mezclar con FIAB sin aclaracion metodologica,NA,U6AFD7
ESP00010,F03,Feria especializada,PLAZOLETA 1º JUNTA,LIBROS USADOS,RIVADAVIA AV. Y BARCO CENTENERA DEL,Caballito,6,-34.62082179,-58.44169232,fuente_oficial,MARTES A DOMINGO,No disponible,LIBROS USADOS,https://data.buenosaires.gob.ar/dataset/ferias-mercados,2026-06-10,datos reales,datos reales,alta,no,Espacio de feria publicado por fuente oficial,Feria especializada/no alimentaria; no mezclar con FIAB sin aclaracion metodologica,NA,U41E96
ESP00011,F03,Feria especializada,Feria Parque Centenario,ARTESANIAS,DIAZ VELEZ AV. Y CAMPICHUELO,Caballito,6,-34.60827707,-58.43677832,fuente_oficial,"SABADO, DOMINGOS Y FERIADOS",No disponible,ARTESANIAS,https://data.buenosaires.gob.ar/dataset/ferias-mercados,2026-06-10,datos reales,datos reales,alta,no,Espacio de feria publicado por fuente oficial,Feria especializada/no alimentaria; no mezclar con FIAB sin aclaracion metodologica,NA,U59FF0
ESP00012,F03,Feria especializada,Parque Centenario,LIBROS USADOS,"LILLO AV. Y MARECHAL, LEOPOLDO",Caballito,6,-34.60724714,-58.43780354,fuente_oficial,MARTES A DOMINGO,No disponible,LIBROS USADOS,https://data.buenosaires.gob.ar/dataset/ferias-mercados,2026-06-10,datos reales,datos reales,alta,no,Espacio de feria publicado por fuente oficial,Feria especializada/no alimentaria; no mezclar con FIAB sin aclaracion metodologica,NA,U46DB0
ESP00013,F03,Feria especializada,Parque Rivadavia,"LIBROS USADOS, ANTIGÜEDADES, FILATELIA Y NUMISMATICA",ROSARIO Y BEAUCHEF,Caballito,6,-34.61886702,-58.43435528,fuente_oficial,MARTES A DOMINGO,No disponible,"LIBROS USADOS, ANTIGÜEDADES, FILATELIA Y NUMISMATICA",https://data.buenosaires.gob.ar/dataset/ferias-mercados,2026-06-10,datos reales,datos reales,alta,no,Espacio de feria publicado por fuente oficial,Feria especializada/no alimentaria; no mezclar con FIAB sin aclaracion metodologica,NA,UF2068
ESP00014,F03,Feria especializada,Paseo Parque Patricios,MANUALIDADES Y ANTIGÜEDADES,CASEROS AV. Y ALMAFUERTE AV.,Parque Patricios,4,-34.63752094,-58.4066399,fuente_oficial,"SABADO, DOMINGOS Y FERIADOS",No disponible,MANUALIDADES Y ANTIGÜEDADES,https://data.buenosaires.gob.ar/dataset/ferias-mercados,2026-06-10,datos reales,datos reales,alta,no,Espacio de feria publicado por fuente oficial,Feria especializada/no alimentaria; no mezclar con FIAB sin aclaracion metodologica,NA,UF253C
ESP00015,F03,Feria especializada,Parque De Los Patricios,LIBROS USADOS,CASEROS AV. Y MONTEAGUDO,Parque Patricios,4,-34.63774711,-58.40572652,fuente_oficial,MARTES A DOMINGO,No disponible,LIBROS USADOS,https://data.buenosaires.gob.ar/dataset/ferias-mercados,2026-06-10,datos reales,datos reales,alta,no,Espacio de feria publicado por fuente oficial,Feria especializada/no alimentaria; no mezclar con FIAB sin aclaracion metodologica,NA,U7A8D3
ESP00016,F03,Feria especializada,Paseo Alberdi,MANUALIDADES Y ANTIGÜEDADES,"DE LA TORRE, LISANDRO AV. Y DIRECTORIO AV.",Mataderos,9,-34.66012396,-58.50277343,fuente_oficial,"SABADO, DOMINGOS Y FERIADOS",No disponible,MANUALIDADES Y ANTIGÜEDADES,https://data.buenosaires.gob.ar/dataset/ferias-mercados,2026-06-10,datos reales,datos reales,alta,no,Espacio de feria publicado por fuente oficial,Feria especializada/no alimentaria; no mezclar con FIAB sin aclaracion metodologica,NA,U70CBB
ESP00017,F03,Feria especializada,PASEO HUMBERTO 1º,MANUALIDADES Y ANTIGÜEDADES,HUMBERTO 1º Y DEFENSA,San Telmo,1,-34.6205753,-58.37156472,fuente_oficial,"SABADO, DOMINGOS Y FERIADOS",No disponible,MANUALIDADES Y ANTIGÜEDADES,https://data.buenosaires.gob.ar/dataset/ferias-mercados,2026-06-10,datos reales,datos reales,alta,no,Espacio de feria publicado por fuente oficial,Feria especializada/no alimentaria; no mezclar con FIAB sin aclaracion metodologica,NA,U14F1A
ESP00018,F03,Feria especializada,Paseo Lezama,MANUALIDADES Y ANTIGÜEDADES,"GARCIA, MARTIN AV. Y PASEO COLON AV.",San Telmo,1,-34.62694943,-58.36830735,fuente_oficial,"SABADO, DOMINGOS Y FERIADOS",No disponible,MANUALIDADES Y ANTIGÜEDADES,https://data.buenosaires.gob.ar/dataset/ferias-mercados,2026-06-10,datos reales,datos reales,alta,no,Espacio de feria publicado por fuente oficial,Feria especializada/no alimentaria; no mezclar con FIAB sin aclaracion metodologica,NA,UD22A9
ESP00019,F03,Feria especializada,Feria Parque Lezama,ARTESANIAS,BRASIL AV. Y DEFENSA,San Telmo,1,-34.62553784,-58.37085191,fuente_oficial,"SABADO, DOMINGOS Y FERIADOS",No disponible,ARTESANIAS,https://data.buenosaires.gob.ar/dataset/ferias-mercados,2026-06-10,datos reales,datos reales,alta,no,Espacio de feria publicado por fuente oficial,Feria especializada/no alimentaria; no mezclar con FIAB sin aclaracion metodologica,NA,U66415
ESP00020,F03,Feria especializada,Paseo Saavedra,MANUALIDADES Y ANTIGÜEDADES,"GARCIA DEL RIO Y PEREZ, ROQUE",Saavedra,12,-34.55190399,-58.48065889,fuente_oficial,"SABADO, DOMINGOS Y FERIADOS",No disponible,MANUALIDADES Y ANTIGÜEDADES,https://data.buenosaires.gob.ar/dataset/ferias-mercados,2026-06-10,datos reales,datos reales,alta,no,Espacio de feria publicado por fuente oficial,Feria especializada/no alimentaria; no mezclar con FIAB sin aclaracion metodologica,NA,U454A3
ESP00021,F03,Feria especializada,Paseo Avellaneda,MANUALIDADES Y ANTIGÜEDADES,DIRECTORIO AV. Y LACARRA,Parque Avellaneda,9,-34.64154017,-58.47990624,fuente_oficial,"SABADO, DOMINGOS Y FERIADOS",No disponible,MANUALIDADES Y ANTIGÜEDADES,https://data.buenosaires.gob.ar/dataset/ferias-mercados,2026-06-10,datos reales,datos reales,alta,no,Espacio de feria publicado por fuente oficial,Feria especializada/no alimentaria; no mezclar con FIAB sin aclaracion metodologica,NA,U628EA
ESP00022,F03,Feria especializada,Paseo Palerno Viejo,MANUALIDADES Y ANTIGÜEDADES,MALABIA Y COSTA RICA,Palermo,14,-34.58928236,-58.42506938,fuente_oficial,"SABADO, DOMINGOS Y FERIADOS",No disponible,MANUALIDADES Y ANTIGÜEDADES,https://data.buenosaires.gob.ar/dataset/ferias-mercados,2026-06-10,datos reales,datos reales,alta,no,Espacio de feria publicado por fuente oficial,Feria especializada/no alimentaria; no mezclar con FIAB sin aclaracion metodologica,NA,U16324
ESP00023,F03,Feria especializada,Paseo Cortazar,MANUALIDADES Y ANTIGÜEDADES,HONDURAS Y SERRANO,Palermo,14,-34.58873732,-58.43023004,fuente_oficial,"SABADO, DOMINGOS Y FERIADOS",No disponible,MANUALIDADES Y ANTIGÜEDADES,https://data.buenosaires.gob.ar/dataset/ferias-mercados,2026-06-10,datos reales,datos reales,alta,no,Espacio de feria publicado por fuente oficial,Feria especializada/no alimentaria; no mezclar con FIAB sin aclaracion metodologica,NA,UB45D3
ESP00024,F03,Feria especializada,Plazoleta Santa Fe,LIBROS USADOS,SANTA FE AV. Y THAMES,Palermo,14,-34.5801663,-58.42293249,fuente_oficial,MARTES A DOMINGO,No disponible,LIBROS USADOS,https://data.buenosaires.gob.ar/dataset/ferias-mercados,2026-06-10,datos reales,datos reales,alta,no,Espacio de feria publicado por fuente oficial,Feria especializada/no alimentaria; no mezclar con FIAB sin aclaracion metodologica,NA,U220D9
ESP00025,F03,Feria especializada,Feria Plaza Italia,ARTESANIAS,SANTA FE AV. Y URIARTE,Palermo,14,-34.58138336,-58.4206421,fuente_oficial,"SABADO, DOMINGOS Y FERIADOS",No disponible,ARTESANIAS,https://data.buenosaires.gob.ar/dataset/ferias-mercados,2026-06-10,datos reales,datos reales,alta,no,Espacio de feria publicado por fuente oficial,Feria especializada/no alimentaria; no mezclar con FIAB sin aclaracion metodologica,NA,U9C314
ESP00026,F03,Feria especializada,Paseo El Retiro,MANUALIDADES Y ANTIGÜEDADES,CALABRIA AV. Y LANTERI JULIETA,Puerto Madero,1,-34.61293466,-58.3588419,fuente_oficial,"SABADO, DOMINGOS Y FERIADOS",No disponible,MANUALIDADES Y ANTIGÜEDADES,https://data.buenosaires.gob.ar/dataset/ferias-mercados,2026-06-10,datos reales,datos reales,alta,no,Espacio de feria publicado por fuente oficial,Feria especializada/no alimentaria; no mezclar con FIAB sin aclaracion metodologica,NA,U44CEE
ESP00027,F03,Feria especializada,Plazoleta Tango,LIBROS USADOS,CORRIENTES AV. Y ROSALES AV.,San Nicolas,1,-34.603064,-58.36862355,fuente_oficial,MARTES A DOMINGO,No disponible,LIBROS USADOS,https://data.buenosaires.gob.ar/dataset/ferias-mercados,2026-06-10,datos reales,datos reales,alta,no,Espacio de feria publicado por fuente oficial,Feria especializada/no alimentaria; no mezclar con FIAB sin aclaracion metodologica,NA,U0A9E5
ESP00028,F03,Feria especializada,Plaza Lavalle,LIBROS USADOS,LAVALLE Y TALCAHUANO,San Nicolas,1,-34.60242381,-58.38451951,fuente_oficial,MARTES A DOMINGO,No disponible,LIBROS USADOS,https://data.buenosaires.gob.ar/dataset/ferias-mercados,2026-06-10,datos reales,datos reales,alta,no,Espacio de feria publicado por fuente oficial,Feria especializada/no alimentaria; no mezclar con FIAB sin aclaracion metodologica,NA,U326E2
ESP00029,F03,Feria especializada,Paseo Manuel Belgrano,MANUALIDADES Y ANTIGÜEDADES,JURAMENTO AV. Y CUBA,Belgrano,13,-34.56142283,-58.45499783,fuente_oficial,"SABADO, DOMINGOS Y FERIADOS",No disponible,MANUALIDADES Y ANTIGÜEDADES,https://data.buenosaires.gob.ar/dataset/ferias-mercados,2026-06-10,datos reales,datos reales,alta,no,Espacio de feria publicado por fuente oficial,Feria especializada/no alimentaria; no mezclar con FIAB sin aclaracion metodologica,NA,U2FCF3
ESP00030,F03,Feria especializada,Feria Plaza M. Belgrano,ARTESANIAS,JURAMENTO AV. Y VUELTA DE OBLIGADO,Belgrano,13,-34.56174678,-58.45498469,fuente_oficial,"SABADO, DOMINGOS Y FERIADOS",No disponible,ARTESANIAS,https://data.buenosaires.gob.ar/dataset/ferias-mercados,2026-06-10,datos reales,datos reales,alta,no,Espacio de feria publicado por fuente oficial,Feria especializada/no alimentaria; no mezclar con FIAB sin aclaracion metodologica,NA,U5FB8D
ESP00031,F03,Feria especializada,Paseo Recoleta,MANUALIDADES Y ANTIGÜEDADES,PUEYRREDON AV. Y DEL LIBERTADOR AV.,Recoleta,2,-34.58555904,-58.39209747,fuente_oficial,"SABADO, DOMINGOS Y FERIADOS",No disponible,MANUALIDADES Y ANTIGÜEDADES,https://data.buenosaires.gob.ar/dataset/ferias-mercados,2026-06-10,datos reales,datos reales,alta,no,Espacio de feria publicado por fuente oficial,Feria especializada/no alimentaria; no mezclar con FIAB sin aclaracion metodologica,NA,UE772F
ESP00032,F03,Feria especializada,Plaza Houssay,LIBROS USADOS,CORDOBA AV. Y JUNIN,Recoleta,2,-34.59946898,-58.39819611,fuente_oficial,MARTES A DOMINGO,No disponible,LIBROS USADOS,https://data.buenosaires.gob.ar/dataset/ferias-mercados,2026-06-10,datos reales,datos reales,alta,no,Espacio de feria publicado por fuente oficial,Feria especializada/no alimentaria; no mezclar con FIAB sin aclaracion metodologica,NA,UE029A
ESP00033,F03,Feria especializada,Feria Intendente Alvear,ARTESANIAS,DEL LIBERTADOR AV. Y ALVEAR AV.,Recoleta,2,-34.58542761,-58.39072446,fuente_oficial,"SABADO, DOMINGOS Y FERIADOS",No disponible,ARTESANIAS,https://data.buenosaires.gob.ar/dataset/ferias-mercados,2026-06-10,datos reales,datos reales,alta,no,Espacio de feria publicado por fuente oficial,Feria especializada/no alimentaria; no mezclar con FIAB sin aclaracion metodologica,NA,U7C427
ESP00034,F03,Feria especializada,Feria Plaza Houssay,ARTESANIAS,CORDOBA AV. Y JUNIN,Recoleta,2,-34.59941877,-58.39756286,fuente_oficial,MARTES A VIERNES,No disponible,ARTESANIAS,https://data.buenosaires.gob.ar/dataset/ferias-mercados,2026-06-10,datos reales,datos reales,alta,no,Espacio de feria publicado por fuente oficial,Feria especializada/no alimentaria; no mezclar con FIAB sin aclaracion metodologica,FRENTE FAC. CS.EC.,UE029A
ESP00035,F03,Feria especializada,Paseo Vuelta De Rocha,MANUALIDADES Y ANTIGÜEDADES,"DON PEDRO DE MENDOZA AV. Y VALLE IBERLUCEA DEL, DR.",No determinado,4,-34.63943125,-58.36164281,fuente_oficial,"SABADO, DOMINGOS Y FERIADOS",No disponible,MANUALIDADES Y ANTIGÜEDADES,https://data.buenosaires.gob.ar/dataset/ferias-mercados,2026-06-10,datos reales,datos reales,alta,no,Espacio de feria publicado por fuente oficial,Feria especializada/no alimentaria; no mezclar con FIAB sin aclaracion metodologica,NA,U9BF21
ESP00036,F03,Feria especializada,Feria Vuelta De Rocha,ARTESANIAS,DON PEDRO DE MENDOZA AV. Y PALOS,No determinado,4,-34.63891745,-58.3601794,fuente_oficial,JUEVES Y VIERNES / SABADO Y DOMINGOS,No disponible,ARTESANIAS,https://data.buenosaires.gob.ar/dataset/ferias-mercados,2026-06-10,datos reales,datos reales,alta,no,Espacio de feria publicado por fuente oficial,Feria especializada/no alimentaria; no mezclar con FIAB sin aclaracion metodologica,NA,U990C5
FIAB00037,F03,FIAB,Fiab 5,nan,ROJAS 1201,Villa Crespo,15,-34.60657162,-58.44791472,fuente_oficial,MARTES,de 8:00 a 14:00hs,"Frutihorticolas, pescadería, panadería, especies y legumbres, granja y carnes, fiambres y lácteos",https://data.buenosaires.gob.ar/dataset/ferias-mercados,2026-06-10,datos reales,datos reales,alta,no,Coordenadas provistas por GeoJSON FIAB,nan,nan,UAF7A8
FIAB00038,F03,FIAB,Fiab 11,nan,"ARENAL, CONCEPCION y CORRIENTES AV., CABA",Chacarita,15,-34.59073621,-58.449732,fuente_oficial,VIERNES,de 8:00 a 14:00hs,"Frutihorticolas, pescadería, mascotas, especies y legumbres, granja y carnes, fiambres y lácteos",https://data.buenosaires.gob.ar/dataset/ferias-mercados,2026-06-10,datos reales,datos reales,alta,no,Coordenadas provistas por GeoJSON FIAB,nan,nan,U063F3
FIAB00039,F03,FIAB,Fiab 2,nan,"YRURTIA, ROGELIO y PALMA, ATHOS",Saavedra,12,-34.56362669,-58.50453264,fuente_oficial,MARTES,de 8:00 a 14:00hs,"Frutihorticolas, pescadería, plantas, especies y legumbres, granja y carnes, fiambres y lácteos",https://data.buenosaires.gob.ar/dataset/ferias-mercados,2026-06-10,datos reales,datos reales,alta,no,Coordenadas provistas por GeoJSON FIAB,nan,nan,UF5D65
FIAB00040,F03,FIAB,Fiab 12,nan,SARMIENTO y BULNES,Almagro,5,-34.60528531,-58.41903151,fuente_oficial,SABADO,de 8:00 a 14:00hs,"Frutihorticolas, pescadería, panadería, plantas, especies y legumbres, granja y carnes, fiambres y lácteos, limpieza",https://data.buenosaires.gob.ar/dataset/ferias-mercados,2026-06-10,datos reales,datos reales,alta,no,Coordenadas provistas por GeoJSON FIAB,nan,nan,U376D9
FIAB00041,F03,FIAB,Fiab 5,nan,"SEGUI, F. J., ALTE. y GAONA AV.",Caballito,6,-34.61431798,-58.45684706,fuente_oficial,MIERCOLES,de 8:00 a 14:00hs,"Frutihorticolas, pescadería, panadería, especies y legumbres, granja y carnes, fiambres y lácteos",https://data.buenosaires.gob.ar/dataset/ferias-mercados,2026-06-10,datos reales,datos reales,alta,no,Coordenadas provistas por GeoJSON FIAB,nan,nan,U9313D
FIAB00042,F03,FIAB,Fiab 5,nan,HIDALGO y BACACAY,Caballito,6,-34.61692528,-58.4393689,fuente_oficial,SABADO,de 8:00 a 14:00hs,"Frutihorticolas, pescadería, panadería, especies y legumbres, granja y carnes, fiambres y lácteos",https://data.buenosaires.gob.ar/dataset/ferias-mercados,2026-06-10,datos reales,datos reales,alta,no,Coordenadas provistas por GeoJSON FIAB,nan,nan,U7B790
FIAB00043,F03,FIAB,Fiab 5,nan,"SEGUI, F. J., ALTE. y NEUQUEN",Caballito,6,-34.61472172,-58.45698548,fuente_oficial,DOMINGO,de 8:00 a 14:00hs,"Frutihorticolas, pescadería, panadería, especies y legumbres, granja y carnes, fiambres y lácteos",https://data.buenosaires.gob.ar/dataset/ferias-mercados,2026-06-10,datos reales,datos reales,alta,no,Coordenadas provistas por GeoJSON FIAB,nan,nan,U74F96
FIAB00044,F03,FIAB,Fiab 10,nan,"BRUNO, GIORDANO y NEUQUEN",Caballito,6,-34.61666056,-58.44101316,fuente_oficial,JUEVES,de 8:00 a 14:00hs,"Frutihorticolas, pescadería, especies y legumbres, granja y carnes, fiambres y lácteos",https://data.buenosaires.gob.ar/dataset/ferias-mercados,2026-06-10,datos reales,datos reales,alta,no,Coordenadas provistas por GeoJSON FIAB,nan,nan,U83F54
FIAB00045,F03,FIAB,Fiab 12,nan,"PATRICIAS ARGENTINAS AV. 400, CABA",Caballito,6,-34.60551962,-58.43477548,fuente_oficial,MARTES,de 8:00 a 14:00hs,"Frutihorticolas, pescadería, panadería, plantas, especies y legumbres, granja y carnes, fiambres y lácteos, limpieza",https://data.buenosaires.gob.ar/dataset/ferias-mercados,2026-06-10,datos reales,datos reales,alta,no,Coordenadas provistas por GeoJSON FIAB,nan,nan,U4E7D8
FIAB00046,F03,FIAB,Fiab 12,nan,"REPUBLICA DOMINICANA y SALGUERO, JERONIMO, CABA",Palermo,14,-34.58965836,-58.41529154,fuente_oficial,DOMINGO,de 8:00 a 14:00hs,"Frutihorticolas, pescadería, panadería, plantas, especies y legumbres, granja y carnes, fiambres y lácteos, limpieza",https://data.buenosaires.gob.ar/dataset/ferias-mercados,2026-06-10,datos reales,datos reales,alta,no,Coordenadas provistas por GeoJSON FIAB,nan,nan,UAFBB0
FIAB00047,F03,FIAB,Fiab 4,nan,CUBA 4400,Nunez,13,-34.54154233,-58.47071752,fuente_oficial,MARTES,de 8:00 a 14:00hs,"Frutihorticolas, pescadería, panadería, plantas, especies y legumbres, granja y carnes, fiambres y lácteos",https://data.buenosaires.gob.ar/dataset/ferias-mercados,2026-06-10,datos reales,datos reales,alta,no,Coordenadas provistas por GeoJSON FIAB,nan,nan,UA0216
FIAB00048,F03,FIAB,Fiab 5,nan,CALCENA y BOGOTA,Flores,7,-34.62231128,-58.45726154,fuente_oficial,VIERNES,de 8:00 a 14:00hs,"Frutihorticolas, pescadería, panadería, especies y legumbres, granja y carnes, fiambres y lácteos",https://data.buenosaires.gob.ar/dataset/ferias-mercados,2026-06-10,datos reales,datos reales,alta,no,Coordenadas provistas por GeoJSON FIAB,nan,nan,U76E57
FIAB00049,F03,FIAB,Fiab 1,nan,"CAMARONES 4000, CABA",Floresta,10,-34.62063669,-58.492156,fuente_oficial,JUEVES,de 8:00 a 14:00hs,"Frutihorticolas, pescadería, panadería, especies y legumbres, granja y carnes, fiambres y lácteos, limpieza",https://data.buenosaires.gob.ar/dataset/ferias-mercados,2026-06-10,datos reales,datos reales,alta,no,Coordenadas provistas por GeoJSON FIAB,nan,nan,U81512
FIAB00050,F03,FIAB,Fiab 7,nan,AVELLANEDA AV. y BAHIA BLANCA,Floresta,10,-34.62965032,-58.48217811,fuente_oficial,MIERCOLES,de 8:00 a 14:00hs,"Frutihorticolas, pescadería, especies y legumbres, granja y carne, fiambres y lácteos, limpieza",https://data.buenosaires.gob.ar/dataset/ferias-mercados,2026-06-10,datos reales,datos reales,alta,no,Coordenadas provistas por GeoJSON FIAB,nan,nan,UB5F1B
FIAB00051,F03,FIAB,Fiab 7,nan,AVELLANEDA AV. y BAHIA BLANCA,Floresta,10,-34.62976791,-58.48212209,fuente_oficial,SABADO,de 8:00 a 14:00hs,"Frutihorticolas, pescadería, especies y legumbres, granja y carne, fiambres y lácteos, limpieza",https://data.buenosaires.gob.ar/dataset/ferias-mercados,2026-06-10,datos reales,datos reales,alta,no,Coordenadas provistas por GeoJSON FIAB,nan,nan,UB5F1B
FIAB00052,F03,FIAB,Fiab 11,nan,BARCALA y LA RIOJA,San Cristobal,3,-34.62552704,-58.40784724,fuente_oficial,JUEVES,de 8:00 a 14:00hs,"Frutihorticolas, pescadería, mascotas, especies y legumbres, granja y carnes, fiambres y lácteos",https://data.buenosaires.gob.ar/dataset/ferias-mercados,2026-06-10,datos reales,datos reales,alta,no,Coordenadas provistas por GeoJSON FIAB,nan,nan,UA8AC6
FIAB00053,F03,FIAB,Fiab 10,nan,DIP.NAC. OSVALDO E.BENEDETTI y CORONEL RAMON FALCON,Velez Sarsfield,10,-34.63595504,-58.48258382,fuente_oficial,VIERNES,de 8:00 a 14:00hs,"Frutihorticolas, pescadería, especies y legumbres, granja y carnes, fiambres y lácteos",https://data.buenosaires.gob.ar/dataset/ferias-mercados,2026-06-10,datos reales,datos reales,alta,no,Coordenadas provistas por GeoJSON FIAB,nan,nan,U9CBBD
FIAB00054,F03,FIAB,Fiab 8,nan,CORVALAN y RIVADAVIA AV.,Villa Luro,10,-34.63939351,-58.50869906,fuente_oficial,JUEVES,de 8:00 a 14:00hs,"Frutihorticolas, pescadería, mascotas, especies y legumbres, granja y carnes, fiambres y lácteos",https://data.buenosaires.gob.ar/dataset/ferias-mercados,2026-06-10,datos reales,datos reales,alta,no,Coordenadas provistas por GeoJSON FIAB,nan,nan,U18F21
FIAB00055,F03,FIAB,Fiab 1,nan,CORRALES VIEJOS y CASEROS AV.,Parque Patricios,4,-34.63764099,-58.405114,fuente_oficial,MIERCOLES,de 8:00 a 14:00hs,"Frutihorticolas, pescadería, panadería, especies y legumbres, granja y carnes, fiambres y lácteos, limpieza",https://data.buenosaires.gob.ar/dataset/ferias-mercados,2026-06-10,datos reales,datos reales,alta,no,Coordenadas provistas por GeoJSON FIAB,nan,nan,U74513
FIAB00056,F03,FIAB,Fiab 8,nan,FRAGATA LA ARGENTINA y ERCILLA,Mataderos,9,-34.65572374,-58.51831495,fuente_oficial,VIERNES,de 8:00 a 14:00hs,"Frutihorticolas, pescadería, mascotas, especies y legumbres, granja y carnes, fiambres y lácteos",https://data.buenosaires.gob.ar/dataset/ferias-mercados,2026-06-10,datos reales,datos reales,alta,no,Coordenadas provistas por GeoJSON FIAB,nan,nan,U31AA3
FIAB00057,F03,FIAB,Fiab 10,nan,BASUALDO y ARTIGAS MANUEL de,Mataderos,9,-34.64584493,-58.49740563,fuente_oficial,MARTES,de 8:00 a 14:00hs,"Frutihorticolas, pescadería, especies y legumbres, granja y carnes, fiambres y lácteos",https://data.buenosaires.gob.ar/dataset/ferias-mercados,2026-06-10,datos reales,datos reales,alta,no,Coordenadas provistas por GeoJSON FIAB,nan,nan,U13AFB
FIAB00058,F03,FIAB,Fiab 4,nan,"DE LA ROSA, JOSE I., DR. y FONROUGE",Villa Lugano,8,-34.662288,-58.48543115,fuente_oficial,MIERCOLES,de 8:00 a 14:00hs,"Frutihorticolas, pescadería, panadería, plantas, especies y legumbres, granja y carnes, fiambres y lácteos",https://data.buenosaires.gob.ar/dataset/ferias-mercados,2026-06-10,datos reales,datos reales,alta,no,Coordenadas provistas por GeoJSON FIAB,nan,nan,U28B79
FIAB00059,F03,FIAB,Fiab 6,nan,SOLDADO DE LA FRONTERA AV. y COMBATE DE SAN CARLOS,Villa Lugano,8,-34.68701087,-58.46219198,fuente_oficial,MIERCOLES,de 8:00 a 14:00hs,"Frutihorticolas, pescadería, plantas, especies y legumbres, granja y carne, fiambres y lácteos, limpieza",https://data.buenosaires.gob.ar/dataset/ferias-mercados,2026-06-10,datos reales,datos reales,alta,no,Coordenadas provistas por GeoJSON FIAB,nan,nan,U4FEF1
FIAB00060,F03,FIAB,Fiab 1,nan,ISABEL LA CATOLICA y BRANDSEN,Barracas,4,-34.63737666,-58.37369078,fuente_oficial,MARTES,de 8:00 a 14:00hs,"Frutihorticolas, pescadería, panadería, especies y legumbres, granja y carnes, fiambres y lácteos, limpieza",https://data.buenosaires.gob.ar/dataset/ferias-mercados,2026-06-10,datos reales,datos reales,alta,no,Coordenadas provistas por GeoJSON FIAB,nan,nan,UD05FE
FIAB00061,F03,FIAB,Fiab 2,nan,"MACHAIN y LARRALDE, CRISOLOGO AV.",Saavedra,12,-34.55976332,-58.48691934,fuente_oficial,VIERNES,de 8:00 a 14:00hs,"Frutihorticolas, pescadería, plantas, especies y legumbres, granja y carnes, fiambres y lácteos",https://data.buenosaires.gob.ar/dataset/ferias-mercados,2026-06-10,datos reales,datos reales,alta,no,Coordenadas provistas por GeoJSON FIAB,nan,nan,UB5665
FIAB00062,F03,FIAB,Fiab 4,nan,"GARCIA DEL RIO y FREIRE, RAMON, CAP. GRAL.",Saavedra,12,-34.55110315,-58.47788156,fuente_oficial,JUEVES,de 8:00 a 14:00hs,"Frutihorticolas, pescadería, panadería, plantas, especies y legumbres, granja y carnes, fiambres y lácteos",https://data.buenosaires.gob.ar/dataset/ferias-mercados,2026-06-10,datos reales,datos reales,alta,no,Coordenadas provistas por GeoJSON FIAB,nan,nan,U02D7E
FIAB00063,F03,FIAB,Fiab 4,nan,GARCIA DEL RIO AV. 3200,Saavedra,12,-34.55112117,-58.47768889,fuente_oficial,DOMINGO,de 8:00 a 14:00hs,"Frutihorticolas, pescadería, panadería, plantas, especies y legumbres, granja y carnes, fiambres y lácteos",https://data.buenosaires.gob.ar/dataset/ferias-mercados,2026-06-10,datos reales,datos reales,alta,no,Coordenadas provistas por GeoJSON FIAB,nan,nan,UDEDA4
FIAB00064,F03,FIAB,Fiab 8,nan,PLAZA y RUIZ HUIDOBRO AV.,Saavedra,12,-34.55218308,-58.48811715,fuente_oficial,MIERCOLES,de 8:00 a 14:00hs,"Frutihorticolas, pescadería, mascotas, especies y legumbres, granja y carnes, fiambres y lácteos",https://data.buenosaires.gob.ar/dataset/ferias-mercados,2026-06-10,datos reales,datos reales,alta,no,Coordenadas provistas por GeoJSON FIAB,nan,nan,U241D2
FIAB00065,F03,FIAB,Fiab 3,nan,NAHUEL HUAPI y CAPDEVILA,Villa Urquiza,12,-34.57230901,-58.48978154,fuente_oficial,SABADO,de 8:00 a 14:00hs,"Pescaderia, especies y legumbres, granja y carne, fiambre y lácteos, limpieza",https://data.buenosaires.gob.ar/dataset/ferias-mercados,2026-06-10,datos reales,datos reales,alta,no,Coordenadas provistas por GeoJSON FIAB,nan,nan,U7EEFD
FIAB00066,F03,FIAB,Fiab 9,nan,MILLER y MONROE,Villa Urquiza,12,-34.57092487,-58.48123262,fuente_oficial,VIERNES,de 8:00 a 14:00hs,"Frutihorticolas, pescadería, plantas, especies y legumbres, granja y carnes, fiambres y lácteos",https://data.buenosaires.gob.ar/dataset/ferias-mercados,2026-06-10,datos reales,datos reales,alta,no,Coordenadas provistas por GeoJSON FIAB,nan,nan,U69C28
FIAB00067,F03,FIAB,Fiab 2,nan,"CONDE y DUMONT, SANTOS",Colegiales,13,-34.58058274,-58.44535804,fuente_oficial,MIERCOLES,de 8:00 a 14:00hs,"Frutihorticolas, pescadería, plantas, especies y legumbres, granja y carnes, fiambres y lácteos",https://data.buenosaires.gob.ar/dataset/ferias-mercados,2026-06-10,datos reales,datos reales,alta,no,Coordenadas provistas por GeoJSON FIAB,nan,nan,U793BE
FIAB00068,F03,FIAB,Fiab 6,nan,"VIDAL y OLAGUER Y FELIU, VIRREY, CABA",Colegiales,13,-34.5694997,-58.45471006,fuente_oficial,SABADO,de 8:00 a 14:00hs,"Frutihorticolas, pescadería, plantas, especies y legumbres, granja y carne, fiambres y lácteos, limpieza",https://data.buenosaires.gob.ar/dataset/ferias-mercados,2026-06-10,datos reales,datos reales,alta,no,Coordenadas provistas por GeoJSON FIAB,nan,nan,U08073
FIAB00069,F03,FIAB,Fiab 10,nan,CRAMER y MAURE,Colegiales,13,-34.57492181,-58.4444785,fuente_oficial,SABADO,de 8:00 a 14:00hs,"Frutihorticolas, pescadería, especies y legumbres, granja y carnes, fiambres y lácteos",https://data.buenosaires.gob.ar/dataset/ferias-mercados,2026-06-10,datos reales,datos reales,alta,no,Coordenadas provistas por GeoJSON FIAB,nan,nan,UBBF8E
FIAB00070,F03,FIAB,Fiab 12,nan,SARMIENTO 3800,Almagro,5,-34.60529661,-58.41907496,fuente_oficial,JUEVES,de 8:00 a 14:00hs,"Frutihorticolas, pescadería, panadería, plantas, especies y legumbres, granja y carnes, fiambres y lácteos, limpieza",https://data.buenosaires.gob.ar/dataset/ferias-mercados,2026-06-10,datos reales,datos reales,alta,no,Coordenadas provistas por GeoJSON FIAB,nan,nan,U737A2
FIAB00071,F03,FIAB,Fiab 8,nan,GAONA AV. y GAVILAN,No determinado,11.0,-34.61569438,-58.46619842,fuente_oficial,MARTES,de 8:00 a 14:00hs,"Frutihorticolas, pescadería, mascotas, especies y legumbres, granja y carnes, fiambres y lácteos",https://data.buenosaires.gob.ar/dataset/ferias-mercados,2026-06-10,datos reales,datos reales,alta,no,Coordenadas provistas por GeoJSON FIAB,nan,nan,U8AB7C
FIAB00072,F03,FIAB,Fiab 10,nan,"ESCALADA DE SAN MARTIN, R. y BOYACA",No determinado,11.0,-34.61002601,-58.46788899,fuente_oficial,MIERCOLES,de 8:00 a 14:00hs,"Frutihorticolas, pescadería, especies y legumbres, granja y carnes, fiambres y lácteos",https://data.buenosaires.gob.ar/dataset/ferias-mercados,2026-06-10,datos reales,datos reales,alta,no,Coordenadas provistas por GeoJSON FIAB,nan,nan,U228AF
FIAB00073,F03,FIAB,Fiab 1,nan,"ANCHORENA, TOMAS MANUEL DE, DR. y CABRERA, JOSE A.",Recoleta,2,-34.59730625,-58.4074779,fuente_oficial,SABADO,de 8:00 a 14:00hs,"Frutihorticolas, pescadería, panadería, especies y legumbres, granja y carnes, fiambres y lácteos, limpieza",https://data.buenosaires.gob.ar/dataset/ferias-mercados,2026-06-10,datos reales,datos reales,alta,no,Coordenadas provistas por GeoJSON FIAB,nan,nan,U1950F
FIAB00074,F03,FIAB,Fiab 3,nan,CALIFORNIA y VELEZ SARSFIELD AV.,Barracas,4,-34.64960403,-58.38825282,fuente_oficial,MIERCOLES,de 8:00 a 14:00hs,"Pescaderia, especies y legumbres, granja y carne, fiambre y lácteos, limpieza",https://data.buenosaires.gob.ar/dataset/ferias-mercados,2026-06-10,datos reales,datos reales,alta,no,Coordenadas provistas por GeoJSON FIAB,nan,nan,UE98A7
FIAB00075,F03,FIAB,Fiab 6,nan,"ALCORTA, AMANCIO AV. y BAIGORRI, CABA",Barracas,4,-34.63430452,-58.38482058,fuente_oficial,JUEVES,de 8:00 a 14:00hs,"Frutihorticolas, pescadería, plantas, especies y legumbres, granja y carne, fiambres y lácteos, limpieza",https://data.buenosaires.gob.ar/dataset/ferias-mercados,2026-06-10,datos reales,datos reales,alta,no,Coordenadas provistas por GeoJSON FIAB,nan,nan,U4E949
FIAB00076,F03,FIAB,Fiab 6,nan,"ASAMBLEA AV. 1000, CABA",Parque Chacabuco,7,-34.63522228,-58.43990491,fuente_oficial,VIERNES,de 8:00 a 14:00hs,"Frutihorticolas, pescadería, plantas, especies y legumbres, granja y carne, fiambres y lácteos, limpieza",https://data.buenosaires.gob.ar/dataset/ferias-mercados,2026-06-10,datos reales,datos reales,alta,no,Coordenadas provistas por GeoJSON FIAB,nan,nan,UD7F5F
FIAB00077,F03,FIAB,Fiab 6,nan,"MITRE, EMILIO y ASAMBLEA AV.",Parque Chacabuco,7,-34.63477692,-58.43945836,fuente_oficial,DOMINGO,de 8:00 a 14:00hs,"Frutihorticolas, pescadería, plantas, especies y legumbres, granja y carne, fiambres y lácteos, limpieza",https://data.buenosaires.gob.ar/dataset/ferias-mercados,2026-06-10,datos reales,datos reales,alta,no,Coordenadas provistas por GeoJSON FIAB,nan,nan,UA5EBC
FIAB00078,F03,FIAB,Fiab 9,nan,"O'HIGGINS 2600, CABA",Belgrano,13,-34.55488536,-58.45750007,fuente_oficial,MARTES,de 8:00 a 14:00hs,"Frutihorticolas, pescadería, plantas, especies y legumbres, granja y carnes, fiambres y lácteos",https://data.buenosaires.gob.ar/dataset/ferias-mercados,2026-06-10,datos reales,datos reales,alta,no,Coordenadas provistas por GeoJSON FIAB,nan,nan,U3CD0E
FIAB00079,F03,FIAB,Fiab 5,nan,"RIESTRA AV. 1800, CABA",Nueva Pompeya,4,-34.64652055,-58.43614983,fuente_oficial,JUEVES,de 8:00 a 14:00hs,"Frutihorticolas, pescadería, panadería, especies y legumbres, granja y carnes, fiambres y lácteos",https://data.buenosaires.gob.ar/dataset/ferias-mercados,2026-06-10,datos reales,datos reales,alta,no,Coordenadas provistas por GeoJSON FIAB,nan,nan,U70432
FIAB00080,F03,FIAB,Fiab 9,nan,"DRAGONES y LA PAMPA, CABA",Belgrano,13,-34.55605248,-58.43855228,fuente_oficial,MIERCOLES,de 8:00 a 14:00hs,"Frutihorticolas, pescadería, plantas, especies y legumbres, granja y carnes, fiambres y lácteos",https://data.buenosaires.gob.ar/dataset/ferias-mercados,2026-06-10,datos reales,datos reales,alta,no,Coordenadas provistas por GeoJSON FIAB,nan,nan,U3166A
FIAB00081,F03,FIAB,Fiab 9,nan,CORRALES y LA PLATA AV.,Nueva Pompeya,4,-34.64624762,-58.42037999,fuente_oficial,JUEVES,de 8:00 a 14:00hs,"Frutihorticolas, pescadería, plantas, especies y legumbres, granja y carnes, fiambres y lácteos",https://data.buenosaires.gob.ar/dataset/ferias-mercados,2026-06-10,datos reales,datos reales,alta,no,Coordenadas provistas por GeoJSON FIAB,nan,nan,U2A642
FIAB00082,F03,FIAB,Fiab 1,nan,"ALVAREZ, JULIAN y JUNCAL",Palermo,14,-34.58429824,-58.41122887,fuente_oficial,VIERNES,de 8:00 a 14:00hs,"Frutihorticolas, pescadería, panadería, especies y legumbres, granja y carnes, fiambres y lácteos, limpieza",https://data.buenosaires.gob.ar/dataset/ferias-mercados,2026-06-10,datos reales,datos reales,alta,no,Coordenadas provistas por GeoJSON FIAB,nan,nan,U1244E
FIAB00083,F03,FIAB,Fiab 11,nan,MALABIA y NICARAGUA,Palermo,14,-34.58858903,-58.42488715,fuente_oficial,SABADO,de 8:00 a 14:00hs,"Frutihorticolas, pescadería, mascotas, especies y legumbres, granja y carnes, fiambres y lácteos",https://data.buenosaires.gob.ar/dataset/ferias-mercados,2026-06-10,datos reales,datos reales,alta,no,Coordenadas provistas por GeoJSON FIAB,nan,nan,UC26B8
FIAB00084,F03,FIAB,Fiab 13,nan,"REPUBLICA DOMINICANA y SALGUERO, JERONIMO",Palermo,14,-34.5897055,-58.41529219,fuente_oficial,MIERCOLES,de 8:00 a 14:00hs,Productos Organicos,https://data.buenosaires.gob.ar/dataset/ferias-mercados,2026-06-10,datos reales,datos reales,alta,no,Coordenadas provistas por GeoJSON FIAB,nan,nan,UF6C89
FIAB00085,F03,FIAB,Fiab 3,nan,NAHUEL HUAPI y CAPDEVILA,Villa Urquiza,12,-34.57169789,-58.48957064,fuente_oficial,JUEVES,de 8:00 a 14:00hs,"Pescaderia, especies y legumbres, granja y carne, fiambre y lácteos, limpieza",https://data.buenosaires.gob.ar/dataset/ferias-mercados,2026-06-10,datos reales,datos reales,alta,no,Coordenadas provistas por GeoJSON FIAB,nan,nan,U7EEFD
FIAB00086,F03,FIAB,Fiab 7,nan,HELGUERA y PAREJA,Villa Pueyrredon,12,-34.59053299,-58.5014518,fuente_oficial,VIERNES,de 8:00 a 14:00hs,"Frutihorticolas, pescadería, especies y legumbres, granja y carne, fiambres y lácteos, limpieza",https://data.buenosaires.gob.ar/dataset/ferias-mercados,2026-06-10,datos reales,datos reales,alta,no,Coordenadas provistas por GeoJSON FIAB,nan,nan,U0231E
FIAB00087,F03,FIAB,Fiab 7,nan,PAREJA y BAHIA BLANCA,Villa Devoto,11,-34.59844829,-58.51240617,fuente_oficial,MARTES,de 8:00 a 14:00hs,"Frutihorticolas, pescadería, especies y legumbres, granja y carne, fiambres y lácteos, limpieza",https://data.buenosaires.gob.ar/dataset/ferias-mercados,2026-06-10,datos reales,datos reales,alta,no,Coordenadas provistas por GeoJSON FIAB,nan,nan,U6814A
FIAB00088,F03,FIAB,Fiab 7,nan,"LISTA, RAMON, CORONEL y CERVANTES",Villa Devoto,11,-34.61335068,-58.52297157,fuente_oficial,JUEVES,de 8:00 a 14:00hs,"Frutihorticolas, pescadería, especies y legumbres, granja y carne, fiambres y lácteos, limpieza",https://data.buenosaires.gob.ar/dataset/ferias-mercados,2026-06-10,datos reales,datos reales,alta,no,Coordenadas provistas por GeoJSON FIAB,nan,nan,U45555
FIAB00089,F03,FIAB,Fiab 12,nan,ROMA y ARREGUI AV.,Versalles,10,-34.62789382,-58.52112813,fuente_oficial,VIERNES,de 8:00 a 14:00hs,"Frutihorticolas, pescadería, panadería, plantas, especies y legumbres, granja y carnes, fiambres y lácteos, limpieza",https://data.buenosaires.gob.ar/dataset/ferias-mercados,2026-06-10,datos reales,datos reales,alta,no,Coordenadas provistas por GeoJSON FIAB,nan,nan,U0743E
FIAB00090,F03,FIAB,Fiab 9,nan,BALCARCE y MEXICO,Monserrat,1,-34.6153106,-58.37062857,fuente_oficial,SABADO,de 8:00 a 14:00hs,"Frutihorticolas, pescadería, plantas, especies y legumbres, granja y carnes, fiambres y lácteos",https://data.buenosaires.gob.ar/dataset/ferias-mercados,2026-06-10,datos reales,datos reales,alta,no,Coordenadas provistas por GeoJSON FIAB,nan,nan,U777EF
FIAB00091,F03,FIAB,Fiab 9,nan,MENDOZA y RAMSAY,Belgrano,13,-34.55112862,-58.44080204,fuente_oficial,DOMINGO,de 8:00 a 14:00hs,"Frutihorticolas, pescadería, plantas, especies y legumbres, granja y carnes, fiambres y lácteos",https://data.buenosaires.gob.ar/dataset/ferias-mercados,2026-06-10,datos reales,datos reales,alta,no,Coordenadas provistas por GeoJSON FIAB,nan,nan,U732EC
FIAB00092,F03,FIAB,Fiab 11,nan,"UGARTE, MANUEL y ARCOS",Belgrano,13,-34.55459859,-58.45815523,fuente_oficial,MIERCOLES,de 8:00 a 14:00hs,"Frutihorticolas, pescadería, mascotas, especies y legumbres, granja y carnes, fiambres y lácteos",https://data.buenosaires.gob.ar/dataset/ferias-mercados,2026-06-10,datos reales,datos reales,alta,no,Coordenadas provistas por GeoJSON FIAB,nan,nan,U52C08
FIAB00093,F03,FIAB,Fiab 4,nan,CUBA y ARIAS,Nunez,13,-34.54123167,-58.47072513,fuente_oficial,SABADO,de 8:00 a 14:00hs,"Frutihorticolas, pescadería, panadería, plantas, especies y legumbres, granja y carnes, fiambres y lácteos",https://data.buenosaires.gob.ar/dataset/ferias-mercados,2026-06-10,datos reales,datos reales,alta,no,Coordenadas provistas por GeoJSON FIAB,nan,nan,UBCE22
FIAB00094,F03,FIAB,Fiab 3,nan,"BROWN, ALTE. AV. 350",No determinado,4.0,-34.62971119,-58.36475868,fuente_oficial,MARTES,de 8:00 a 14:00hs,"Pescaderia, especies y legumbres, granja y carne, fiambre y lácteos, limpieza",https://data.buenosaires.gob.ar/dataset/ferias-mercados,2026-06-10,datos reales,datos reales,alta,no,Coordenadas provistas por GeoJSON FIAB,nan,nan,U1F0A8
FIAB00095,F03,FIAB,Fiab 3,nan,"LARSEN 2400, CABA",Villa Pueyrredon,12,-34.57614262,-58.50359317,fuente_oficial,VIERNES,de 8:00 a 14:00hs,"Pescaderia, especies y legumbres, granja y carne, fiambre y lácteos, limpieza",https://data.buenosaires.gob.ar/dataset/ferias-mercados,2026-06-10,datos reales,datos reales,alta,no,Coordenadas provistas por GeoJSON FIAB,nan,nan,U1EEAE
FIAB00096,F03,FIAB,Fiab 8,nan,CABOTO y ARZOBISPO ESPINOSA,No determinado,4.0,-34.62711857,-58.36127934,fuente_oficial,SABADO,de 8:00 a 14:00hs,"Frutihorticolas, pescadería, mascotas, especies y legumbres, granja y carnes, fiambres y lácteos",https://data.buenosaires.gob.ar/dataset/ferias-mercados,2026-06-10,datos reales,datos reales,alta,no,Coordenadas provistas por GeoJSON FIAB,nan,nan,U461D5
FIAB00097,F03,FIAB,Fiab 2,nan,"YRURTIA, ROGELIO y PALMA, ATHOS",Saavedra,12,-34.56359925,-58.50567134,fuente_oficial,SABADO,de 8:00 a 14:00hs,"Frutihorticolas, pescadería, plantas, especies y legumbres, granja y carnes, fiambres y lácteos",https://data.buenosaires.gob.ar/dataset/ferias-mercados,2026-06-10,datos reales,datos reales,alta,no,Coordenadas provistas por GeoJSON FIAB,nan,nan,UF5D65
FIAB00098,F03,FIAB,Fiab 8,nan,"SAN JUAN AV. y SOLIS, CABA",Constitucion,1,-34.62266824,-58.38917668,fuente_oficial,DOMINGO,de 8:00 a 14:00hs,"Frutihorticolas, pescadería, mascotas, especies y legumbres, granja y carnes, fiambres y lácteos",https://data.buenosaires.gob.ar/dataset/ferias-mercados,2026-06-10,datos reales,datos reales,alta,no,Coordenadas provistas por GeoJSON FIAB,nan,nan,UE21E3
FIAB00099,F03,FIAB,Fiab 2,nan,"NOGOYA y GORDILLO, JOSE O., CNEL.",Villa Real,10,-34.62075777,-58.51935906,fuente_oficial,JUEVES,de 8:00 a 14:00hs,"Frutihorticolas, pescadería, plantas, especies y legumbres, granja y carnes, fiambres y lácteos",https://data.buenosaires.gob.ar/dataset/ferias-mercados,2026-06-10,datos reales,datos reales,alta,no,Coordenadas provistas por GeoJSON FIAB,nan,nan,U4C690
FIAB00100,F03,FIAB,Fiab 14,nan,ESTADOS UNIDOS y LINIERS VIRREY,Boedo,5,-34.62216227,-58.41319204,fuente_oficial,MARTES,de 8:00 a 14:00hs,"Frutihorticolas, pescadería, panadería, especies y legumbres, granja y carnes, fiambres y lácteos",https://data.buenosaires.gob.ar/dataset/ferias-mercados,2026-06-10,datos reales,datos reales,alta,no,Coordenadas provistas por GeoJSON FIAB,nan,nan,U74EA5
FIAB00101,F03,FIAB,Fiab 14,nan,CALDEN y SANTO TOME,Versalles,10,-34.62797413,-58.52894964,fuente_oficial,MIERCOLES,de 8:00 a 14:00hs,"Frutihorticolas, pescadería, panadería, especies y legumbres, granja y carnes, fiambres y lácteos",https://data.buenosaires.gob.ar/dataset/ferias-mercados,2026-06-10,datos reales,datos reales,alta,no,Coordenadas provistas por GeoJSON FIAB,nan,nan,U3B08A
FIAB00102,F03,FIAB,Fiab 14,nan,"DORREGO AV. y CAMPOS, LUIS M. AV.",Palermo,14,-34.5743539,-58.43076972,fuente_oficial,JUEVES,de 8:00 a 14:00hs,"Frutihorticolas, pescadería, panadería, especies y legumbres, granja y carnes, fiambres y lácteos",https://data.buenosaires.gob.ar/dataset/ferias-mercados,2026-06-10,datos reales,datos reales,alta,no,Coordenadas provistas por GeoJSON FIAB,nan,nan,U539E5
FIAB00103,F03,FIAB,Fiab 14,nan,HAMBURGO y BUCAREST,Parque Chas,15,-34.58766367,-58.48453274,fuente_oficial,VIERNES,de 8:00 a 14:00hs,"Frutihorticolas, pescadería, panadería, especies y legumbres, granja y carnes, fiambres y lácteos",https://data.buenosaires.gob.ar/dataset/ferias-mercados,2026-06-10,datos reales,datos reales,alta,no,Coordenadas provistas por GeoJSON FIAB,nan,nan,U96E45
FIAB00104,F03,FIAB,Fiab 14,nan,"YRIGOYEN, HIPOLITO y PASCO",Balvanera,3,-34.61091773,-58.39814257,fuente_oficial,SABADO,de 8:00 a 14:00hs,"Frutihorticolas, pescadería, panadería, especies y legumbres, granja y carnes, fiambres y lácteos",https://data.buenosaires.gob.ar/dataset/ferias-mercados,2026-06-10,datos reales,datos reales,alta,no,Coordenadas provistas por GeoJSON FIAB,nan,nan,U24602
FIAB00105,F03,FIAB,Fiab 14,nan,"DORREGO AV. y CAMPOS, LUIS M. AV.",Palermo,14,-34.57426367,-58.43071884,fuente_oficial,DOMINGO,de 8:00 a 14:00hs,"Frutihorticolas, pescadería, panadería, especies y legumbres, granja y carnes, fiambres y lácteos",https://data.buenosaires.gob.ar/dataset/ferias-mercados,2026-06-10,datos reales,datos reales,alta,no,Coordenadas provistas por GeoJSON FIAB,nan,nan,U539E5
FIAB00106,F03,FIAB,Fiab 15,nan,EL RASTREADOR y TUYUTI,Liniers,9,-34.64479709,-58.52373011,fuente_oficial,MARTES,de 8:00 a 14:00hs,"Frutihorticolas, pescadería, panadería, mascotas, especies y legumbres, granja y carnes, fiambres y lácteos, limpieza",https://data.buenosaires.gob.ar/dataset/ferias-mercados,2026-06-10,datos reales,datos reales,alta,no,Coordenadas provistas por GeoJSON FIAB,nan,nan,U38CE5
FIAB00107,F03,FIAB,Fiab 15,nan,"SAENZ PEÑA, LUIS, PRES. 1500",Constitucion,1,-34.62662903,-58.38733983,fuente_oficial,MIERCOLES,de 8:00 a 14:00hs,"Frutihorticolas, pescadería, panadería, mascotas, especies y legumbres, granja y carnes, fiambres y lácteos, limpieza",https://data.buenosaires.gob.ar/dataset/ferias-mercados,2026-06-10,datos reales,datos reales,alta,no,Coordenadas provistas por GeoJSON FIAB,nan,nan,U32C17
FIAB00108,F03,FIAB,Fiab 15,nan,"LACARRA AV. y ROCA, CNEL. AV.",Villa Soldati,8,-34.66902986,-58.44460017,fuente_oficial,JUEVES,de 8:00 a 14:00hs,"Frutihorticolas, pescadería, panadería, mascotas, especies y legumbres, granja y carnes, fiambres y lácteos, limpieza",https://data.buenosaires.gob.ar/dataset/ferias-mercados,2026-06-10,datos reales,datos reales,alta,no,Coordenadas provistas por GeoJSON FIAB,nan,nan,UF66FC
FIAB00109,F03,FIAB,Fiab 15,nan,"ZELARRAYAN 5600, CABA",Villa Lugano,8,-34.67384297,-58.47900283,fuente_oficial,VIERNES,de 8:00 a 14:00hs,"Frutihorticolas, pescadería, panadería, mascotas, especies y legumbres, granja y carnes, fiambres y lácteos, limpieza",https://data.buenosaires.gob.ar/dataset/ferias-mercados,2026-06-10,datos reales,datos reales,alta,no,Coordenadas provistas por GeoJSON FIAB,nan,nan,U2692A
FIAB00110,F03,FIAB,Fiab 15,nan,"LEVENE, RICARDO, DR. 901",Recoleta,2,-34.58522485,-58.39375184,fuente_oficial,SABADO,de 8:00 a 14:00hs,"Frutihorticolas, pescadería, panadería, mascotas, especies y legumbres, granja y carnes, fiambres y lácteos, limpieza",https://data.buenosaires.gob.ar/dataset/ferias-mercados,2026-06-10,datos reales,datos reales,alta,no,Coordenadas provistas por GeoJSON FIAB,nan,nan,U34806
FIAB00111,F03,FIAB,Fiab 15,nan,MORETO y REMEDIOS,Parque Avellaneda,9,-34.64767305,-58.48361055,fuente_oficial,DOMINGO,de 8:00 a 14:00hs,"Frutihorticolas, pescadería, panadería, mascotas, especies y legumbres, granja y carnes, fiambres y lácteos, limpieza",https://data.buenosaires.gob.ar/dataset/ferias-mercados,2026-06-10,datos reales,datos reales,alta,no,Coordenadas provistas por GeoJSON FIAB,nan,nan,U58E5E
FIAB00112,F03,FIAB,Fiab 16,nan,CHACABUCO 1200,San Telmo,1,-34.62226493,-58.37585549,fuente_oficial,DOMINGO,de 8:00 a 14:00hs,"Frutihorticolas, granja y carnes",https://data.buenosaires.gob.ar/dataset/ferias-mercados,2026-06-10,datos reales,datos reales,alta,no,Coordenadas provistas por GeoJSON FIAB,nan,nan,U7FDEE
FIAB00113,F03,FIAB,Fiab 11,nan,"WARNES AV. 2200, CABA",No determinado,15.0,-34.59645925,-58.46842283,fuente_oficial,MARTES,de 8:00 a 14:00hs,"Frutihorticolas, pescadería, mascotas, especies y legumbres, granja y carnes, fiambres y lácteos",https://data.buenosaires.gob.ar/dataset/ferias-mercados,2026-06-10,datos reales,datos reales,alta,no,Coordenadas provistas por GeoJSON FIAB,nan,nan,U350C6
FIAB00114,F03,FIAB,Fiab 17,nan,GIRIBONE y HEREDIA,Villa Ortuzar,15,-34.57967902,-58.46263835,fuente_oficial,VIERNES,de 8:00 a 14:00hs,"Frutihorticolas, pescadería, especies y legumbres, granja y carnes, fiambres y lácteos, limpieza",https://data.buenosaires.gob.ar/dataset/ferias-mercados,2026-06-10,datos reales,datos reales,alta,no,Coordenadas provistas por GeoJSON FIAB,nan,nan,U6D608
FIAB00115,F03,FIAB,Fiab 17,nan,LAVALLE y MEDRANO AV.,Almagro,5,-34.59912986,-58.41963993,fuente_oficial,MARTES,de 8:00 a 14:00hs,"Frutihorticolas, pescadería, especies y legumbres, granja y carnes, fiambres y lácteos, limpieza",https://data.buenosaires.gob.ar/dataset/ferias-mercados,2026-06-10,datos reales,datos reales,alta,no,Coordenadas provistas por GeoJSON FIAB,nan,nan,U56D79
FIAB00116,F03,FIAB,Fiab 17,nan,MIRANDA y LOPE DE VEGA AV.,Villa Luro,10,-34.62603045,-58.50894247,fuente_oficial,MIERCOLES,de 8:00 a 14:00hs,"Frutihorticolas, pescadería, especies y legumbres, granja y carnes, fiambres y lácteos, limpieza",https://data.buenosaires.gob.ar/dataset/ferias-mercados,2026-06-10,datos reales,datos reales,alta,no,Coordenadas provistas por GeoJSON FIAB,nan,nan,U44BEA
FIAB00117,F03,FIAB,Fiab 17,nan,MONTENEGRO y HEREDIA,Villa Ortuzar,15,-34.58815397,-58.46755126,fuente_oficial,JUEVES,de 8:00 a 14:00hs,"Frutihorticolas, pescadería, especies y legumbres, granja y carnes, fiambres y lácteos, limpieza",https://data.buenosaires.gob.ar/dataset/ferias-mercados,2026-06-10,datos reales,datos reales,alta,no,Coordenadas provistas por GeoJSON FIAB,nan,nan,U87EDE
FIAB00118,F03,FIAB,Fiab 17,nan,GURRUCHAGA y MURILLO,Villa Crespo,15,-34.59932589,-58.44443237,fuente_oficial,SABADO,de 8:00 a 14:00hs,"Frutihorticolas, pescadería, especies y legumbres, granja y carnes, fiambres y lácteos, limpieza",https://data.buenosaires.gob.ar/dataset/ferias-mercados,2026-06-10,datos reales,datos reales,alta,no,Coordenadas provistas por GeoJSON FIAB,nan,nan,U841BD
FIAB00119,F03,FIAB,Fiab 17,nan,GIRIBONE y HEREDIA,Villa Ortuzar,15,-34.57974742,-58.46209072,fuente_oficial,DOMINGO,de 8:00 a 14:00hs,"Frutihorticolas, pescadería, especies y legumbres, granja y carnes, fiambres y lácteos, limpieza",https://data.buenosaires.gob.ar/dataset/ferias-mercados,2026-06-10,datos reales,datos reales,alta,no,Coordenadas provistas por GeoJSON FIAB,nan,nan,U6D608
FIAB00120,F03,FIAB,Fiab 18,nan,"LAMARCA, EMILIO 2100, CABA",Villa del Parque,11,-34.6129375,-58.49365801,fuente_oficial,MARTES,de 8:00 a 14:00hs,"Frutihorticolas, pescadería, panadería, especies y legumbres, granja y carnes, fiambres y lácteos",https://data.buenosaires.gob.ar/dataset/ferias-mercados,2026-06-10,datos reales,datos reales,alta,no,Coordenadas provistas por GeoJSON FIAB,nan,nan,U58D4D
FIAB00121,F03,FIAB,Fiab 18,nan,LONDRES y LIVERPOOL,Parque Chas,15,-34.58258973,-58.48090072,fuente_oficial,MIERCOLES,de 8:00 a 14:00hs,"Frutihorticolas, pescadería, panadería, especies y legumbres, granja y carnes, fiambres y lácteos",https://data.buenosaires.gob.ar/dataset/ferias-mercados,2026-06-10,datos reales,datos reales,alta,no,Coordenadas provistas por GeoJSON FIAB,nan,nan,UF754E
FIAB00122,F03,FIAB,Fiab 18,nan,"BILBAO, FRANCISCO y LAUTARO",Flores,7,-34.63269988,-58.45619828,fuente_oficial,JUEVES,de 8:00 a 14:00hs,"Frutihorticolas, pescadería, panadería, especies y legumbres, granja y carnes, fiambres y lácteos",https://data.buenosaires.gob.ar/dataset/ferias-mercados,2026-06-10,datos reales,datos reales,alta,no,Coordenadas provistas por GeoJSON FIAB,nan,nan,U68AA3
FIAB00123,F03,FIAB,Fiab 18,nan,"QUINQUELA MARTIN, BENITO 1940",Barracas,4,-34.64446014,-58.37642513,fuente_oficial,VIERNES,de 8:00 a 14:00hs,"Frutihorticolas, pescadería, panadería, especies y legumbres, granja y carnes, fiambres y lácteos",https://data.buenosaires.gob.ar/dataset/ferias-mercados,2026-06-10,datos reales,datos reales,alta,no,Coordenadas provistas por GeoJSON FIAB,nan,nan,U43030
FIAB00124,F03,FIAB,Fiab 18,nan,"YERBAL y ARTIGAS, JOSE GERVASIO, GRAL.",Flores,7,-34.62797364,-58.46371741,fuente_oficial,SABADO,de 8:00 a 14hs,"Frutihorticolas, pescadería, panadería, especies y legumbres, granja y carnes, fiambres y lácteos",https://data.buenosaires.gob.ar/dataset/ferias-mercados,2026-06-10,datos reales,datos reales,alta,no,Coordenadas provistas por GeoJSON FIAB,nan,nan,UE1D30
FIAB00125,F03,FIAB,Fiab 18,nan,"YRIGOYEN, HIPOLITO AV. 4300",Almagro,5,-34.61502574,-58.42824986,fuente_oficial,DOMINGO,de 8:00 a 14:00hs,"Frutihorticolas, pescadería, panadería, especies y legumbres, granja y carnes, fiambres y lácteos",https://data.buenosaires.gob.ar/dataset/ferias-mercados,2026-06-10,datos reales,datos reales,alta,no,Coordenadas provistas por GeoJSON FIAB,nan,nan,U9DDE8
FIAB00126,F03,FIAB,Fiab 19,nan,MEXICO 2600,Balvanera,3,-34.6169267,-58.40334848,fuente_oficial,MIERCOLES,de 8:00 a 14:00hs,"Frutihorticolas, especies y legumbres, granja y carnes, fiambres y lácteos, limpieza",https://data.buenosaires.gob.ar/dataset/ferias-mercados,2026-06-10,datos reales,datos reales,alta,no,Coordenadas provistas por GeoJSON FIAB,nan,nan,UE1C49
FIAB00127,F03,FIAB,Fiab 19,nan,COCHABAMBA 900,Constitucion,1,-34.62360418,-58.37919423,fuente_oficial,JUEVES,de 8:00 a 14:00hs,"Frutihorticolas, especies y legumbres, granja y carnes, fiambres y lácteos, limpieza",https://data.buenosaires.gob.ar/dataset/ferias-mercados,2026-06-10,datos reales,datos reales,alta,no,Coordenadas provistas por GeoJSON FIAB,nan,nan,U44491
FIAB00128,F03,FIAB,Fiab 19,nan,"MARMOL, JOSE 1800",Boedo,5,-34.63634742,-58.42171657,fuente_oficial,VIERNES,de 8:00 a 14:00hs,"Frutihorticolas, especies y legumbres, granja y carnes, fiambres y lácteos, limpieza",https://data.buenosaires.gob.ar/dataset/ferias-mercados,2026-06-10,datos reales,datos reales,alta,no,Coordenadas provistas por GeoJSON FIAB,nan,nan,UE1659
FIAB00129,F03,FIAB,Fiab 19,nan,MEXICO 2600,Balvanera,3,-34.61676857,-58.40256897,fuente_oficial,SABADO,de 8:00 a 14:00hs,"Frutihorticolas, especies y legumbres, granja y carnes, fiambres y lácteos, limpieza",https://data.buenosaires.gob.ar/dataset/ferias-mercados,2026-06-10,datos reales,datos reales,alta,no,Coordenadas provistas por GeoJSON FIAB,nan,nan,UE1C49
FIAB00130,F03,FIAB,Fiab 19,nan,COCHABAMBA 900,Constitucion,1,-34.62368262,-58.37921596,fuente_oficial,DOMINGO,de 8:00 a 14:00hs,"Frutihorticolas, especies y legumbres, granja y carnes, fiambres y lácteos, limpieza",https://data.buenosaires.gob.ar/dataset/ferias-mercados,2026-06-10,datos reales,datos reales,alta,no,Coordenadas provistas por GeoJSON FIAB,nan,nan,U44491
FIAB00131,F03,FIAB,Fiab 20,nan,SARANDI 1400,San Cristobal,3,-34.62599274,-58.39331451,fuente_oficial,MARTES,de 8:00 a 14:00hs,"Frutihorticolas, pescadería, especies y legumbres, granja y carnes, fiambres y lácteos",https://data.buenosaires.gob.ar/dataset/ferias-mercados,2026-06-10,datos reales,datos reales,alta,no,Coordenadas provistas por GeoJSON FIAB,nan,nan,UE315C
FIAB00132,F03,FIAB,Fiab 20,nan,"CAMET, FRANCISCO y ESCALADA AV., CABA",Villa Soldati,8,-34.67689616,-58.45327377,fuente_oficial,MIERCOLES,de 8:00 a 14:00hs,"Frutihorticolas, pescadería, especies y legumbres, granja y carnes, fiambres y lácteos",https://data.buenosaires.gob.ar/dataset/ferias-mercados,2026-06-10,datos reales,datos reales,alta,no,Coordenadas provistas por GeoJSON FIAB,nan,nan,U00331
FIAB00133,F03,FIAB,Fiab 20,nan,SAN PEDRITO 1400,Flores,7,-34.6465437,-58.4566053,fuente_oficial,JUEVES,de 8:00 a 14:00hs,"Frutihorticolas, pescadería, especies y legumbres, granja y carnes, fiambres y lácteos",https://data.buenosaires.gob.ar/dataset/ferias-mercados,2026-06-10,datos reales,datos reales,alta,no,Coordenadas provistas por GeoJSON FIAB,nan,nan,UD1D48
FIAB00134,F03,FIAB,Fiab 20,nan,PICHINCHA AV. 1700,Parque Patricios,4,-34.62971511,-58.39632792,fuente_oficial,VIERNES,de 8:00 a 14:00hs,"Frutihorticolas, pescadería, especies y legumbres, granja y carnes, fiambres y lácteos",https://data.buenosaires.gob.ar/dataset/ferias-mercados,2026-06-10,datos reales,datos reales,alta,no,Coordenadas provistas por GeoJSON FIAB,nan,nan,UFC5BE
FIAB00135,F03,FIAB,Fiab 20,nan,CASTILLO 700,Villa Crespo,15,-34.59320055,-58.43625954,fuente_oficial,SABADO,de 8:00 a 14:00hs,"Frutihorticolas, pescadería, especies y legumbres, granja y carnes, fiambres y lácteos",https://data.buenosaires.gob.ar/dataset/ferias-mercados,2026-06-10,datos reales,datos reales,alta,no,Coordenadas provistas por GeoJSON FIAB,nan,nan,UE2DC6
FIAB00136,F03,FIAB,Fiab 20,nan,YATAY y CORRIENTES AV.,Almagro,5,-34.60179252,-58.42842081,fuente_oficial,DOMINGO,de 8:00 a 14:00hs,"Frutihorticolas, pescadería, especies y legumbres, granja y carnes, fiambres y lácteos",https://data.buenosaires.gob.ar/dataset/ferias-mercados,2026-06-10,datos reales,datos reales,alta,no,Coordenadas provistas por GeoJSON FIAB,nan,nan,UC62C3
FIAB00137,F03,FIAB,Fiab 21,nan,MERCEDES 1800,Monte Castro,10,-34.61822034,-58.49669538,fuente_oficial,MARTES,de 8:00 a 14:00hs,"Frutihorticolas, pescadería, especies y legumbres, granja y carnes, fiambre y lácteos",https://data.buenosaires.gob.ar/dataset/ferias-mercados,2026-06-10,datos reales,datos reales,alta,no,Coordenadas provistas por GeoJSON FIAB,nan,nan,U044B3
FIAB00138,F03,FIAB,Fiab 21,nan,BOLIVAR y SAN JUAN AV.,San Telmo,1,-34.6213795,-58.37281871,fuente_oficial,JUEVES,de 8:00 a 14:00hs,"Frutihorticolas, pescadería, especies y legumbres, granja y carnes, fiambre y lácteos",https://data.buenosaires.gob.ar/dataset/ferias-mercados,2026-06-10,datos reales,datos reales,alta,no,Coordenadas provistas por GeoJSON FIAB,nan,nan,UFCFC1
FIAB00139,F03,FIAB,Fiab 21,nan,LLAVALLOL 5200,Villa Devoto,11,-34.58586414,-58.51274889,fuente_oficial,VIERNES,de 8:00 a 14:00hs,"Frutihorticolas, pescadería, especies y legumbres, granja y carnes, fiambre y lácteos",https://data.buenosaires.gob.ar/dataset/ferias-mercados,2026-06-10,datos reales,datos reales,alta,no,Coordenadas provistas por GeoJSON FIAB,nan,nan,UB3E71
FIAB00140,F03,FIAB,Fiab 21,nan,"BOULOGNE SUR MER y PERON, JUAN DOMINGO, TTE. GENERAL",Balvanera,3,-34.60728297,-58.40759597,fuente_oficial,SABADO,de 8:00 a 14:00hs,"Frutihorticolas, pescadería, especies y legumbres, granja y carnes, fiambre y lácteos",https://data.buenosaires.gob.ar/dataset/ferias-mercados,2026-06-10,datos reales,datos reales,alta,no,Coordenadas provistas por GeoJSON FIAB,nan,nan,U6999D
FIAB00141,F03,FIAB,Fiab 21,nan,GUALEGUAYCHU 3200,Villa Devoto,11,-34.60549291,-58.50997833,fuente_oficial,DOMINGO,de 8:00 a 14:00hs,"Frutihorticolas, pescadería, especies y legumbres, granja y carnes, fiambre y lácteos",https://data.buenosaires.gob.ar/dataset/ferias-mercados,2026-06-10,datos reales,datos reales,alta,no,Coordenadas provistas por GeoJSON FIAB,nan,nan,U89530
FIAB00142,F03,FIAB,Fiab 23,nan,"DE LA BARRA, EMMA 400",Puerto Madero,1,-34.60031501,-58.36342675,fuente_oficial,MIERCOLES,de 8:00 a 14:00hs,"Frutihorticolas, pescadería, panadería, especies y legumbres, granja y carnes, fiambres y lácteos",https://data.buenosaires.gob.ar/dataset/ferias-mercados,2026-06-10,datos reales,datos reales,alta,no,Coordenadas provistas por GeoJSON FIAB,nan,nan,U1066E
FIAB00143,F03,FIAB,Fiab 23,nan,"GUTIERREZ, RICARDO y EMPEDRADO, CABA",Villa del Parque,11,-34.60098028,-58.48314348,fuente_oficial,JUEVES,de 8:00 a 14:00hs,"Frutihorticolas, pescadería, panadería, especies y legumbres, granja y carnes, fiambres y lácteos",https://data.buenosaires.gob.ar/dataset/ferias-mercados,2026-06-10,datos reales,datos reales,alta,no,Coordenadas provistas por GeoJSON FIAB,nan,nan,U076CE
FIAB00144,F03,FIAB,Fiab 23,nan,CASTEX y CAVIA,Palermo,14,-34.5765396,-58.40719592,fuente_oficial,VIERNES,de 8:00 a 14:00hs,"Frutihorticolas, pescadería, panadería, especies y legumbres, granja y carnes, fiambres y lácteos",https://data.buenosaires.gob.ar/dataset/ferias-mercados,2026-06-10,datos reales,datos reales,alta,no,Coordenadas provistas por GeoJSON FIAB,nan,nan,UE9544
FIAB00145,F03,FIAB,Fiab 23,nan,ARIAS 2800,Saavedra,12,-34.54374868,-58.47744552,fuente_oficial,SABADO,de 8:00 a 14:00hs,"Frutihorticolas, pescadería, panadería, especies y legumbres, granja y carnes, fiambres y lácteos",https://data.buenosaires.gob.ar/dataset/ferias-mercados,2026-06-10,datos reales,datos reales,alta,no,Coordenadas provistas por GeoJSON FIAB,nan,nan,U6179A
FIAB00146,F03,FIAB,Fiab 23,nan,"VERA PEÑALOZA, ROSARIO 600",Puerto Madero,1,-34.61763445,-58.35888408,fuente_oficial,DOMINGO,de 8:00 a 14:00hs,"Frutihorticolas, pescadería, panadería, especies y legumbres, granja y carnes, fiambres y lácteos",https://data.buenosaires.gob.ar/dataset/ferias-mercados,2026-06-10,datos reales,datos reales,alta,no,Coordenadas provistas por GeoJSON FIAB,nan,nan,U3CA15
FIAB00147,F03,FIAB,Fiab 24,nan,MOLIERE 2700,Villa Real,10,-34.61689974,-58.52578993,fuente_oficial,MARTES,de 8:00 a 14:00hs,"Frutihorticolas, pescadería, especies y legumbres, granja y carnes, fiambres y lácteos",https://data.buenosaires.gob.ar/dataset/ferias-mercados,2026-06-10,datos reales,datos reales,alta,no,Coordenadas provistas por GeoJSON FIAB,nan,nan,U929D4
FIAB00148,F03,FIAB,Fiab 24,nan,LA RIOJA 100,Balvanera,3,-34.61105013,-58.40882475,fuente_oficial,MIERCOLES,de 8:00 a 14:00hs,"Frutihorticolas, pescadería, especies y legumbres, granja y carnes, fiambres y lácteos",https://data.buenosaires.gob.ar/dataset/ferias-mercados,2026-06-10,datos reales,datos reales,alta,no,Coordenadas provistas por GeoJSON FIAB,nan,nan,UFF32F
FIAB00149,F03,FIAB,Fiab 24,nan,MOLIERE 2700,Villa Real,10,-34.61692685,-58.52567001,fuente_oficial,JUEVES,de 8:00 a 14:00hs,"Frutihorticolas, pescadería, especies y legumbres, granja y carnes, fiambres y lácteos",https://data.buenosaires.gob.ar/dataset/ferias-mercados,2026-06-10,datos reales,datos reales,alta,no,Coordenadas provistas por GeoJSON FIAB,nan,nan,U929D4
FIAB00150,F03,FIAB,Fiab 24,nan,"MONASTERIO y CASEROS AV., CABA",Parque Patricios,4,-34.63659953,-58.39516303,fuente_oficial,VIERNES,de 8:00 a 14:00hs,"Frutihorticolas, pescadería, especies y legumbres, granja y carnes, fiambres y lácteos",https://data.buenosaires.gob.ar/dataset/ferias-mercados,2026-06-10,datos reales,datos reales,alta,no,Coordenadas provistas por GeoJSON FIAB,nan,nan,U8D40F
FIAB00151,F03,FIAB,Fiab 24,nan,LA RIOJA 100,Balvanera,3,-34.61115828,-58.40877017,fuente_oficial,SABADO,de 8:00 a 14:00hs,"Frutihorticolas, pescadería, especies y legumbres, granja y carnes, fiambres y lácteos",https://data.buenosaires.gob.ar/dataset/ferias-mercados,2026-06-10,datos reales,datos reales,alta,no,Coordenadas provistas por GeoJSON FIAB,nan,nan,UFF32F
FIAB00152,F03,FIAB,Fiab 24,nan,CERRITO 900,Retiro,1,-34.59740864,-58.38297729,fuente_oficial,DOMINGO,de 8:00 a 14:00hs,"Frutihorticolas, pescadería, especies y legumbres, granja y carnes, fiambres y lácteos",https://data.buenosaires.gob.ar/dataset/ferias-mercados,2026-06-10,datos reales,datos reales,alta,no,Coordenadas provistas por GeoJSON FIAB,nan,nan,U2F9AF
FIAB00153,F03,FIAB,Fiab 25,nan,MANZANARES 2300,Nunez,13,-34.54718861,-58.4687362,fuente_oficial,MIERCOLES,de 8:00 a 14:00hs,"Frutihorticolas, pescadería, panadería, especies y legumbres, granja y carnes, fiambres y lácteos",https://data.buenosaires.gob.ar/dataset/ferias-mercados,2026-06-10,datos reales,datos reales,alta,no,Coordenadas provistas por GeoJSON FIAB,nan,nan,UA904D
FIAB00154,F03,FIAB,Fiab 25,nan,"KENNEDY, JOHN FITZGERALD 2850",Palermo,14,-34.57581874,-58.41962241,fuente_oficial,JUEVES,de 8:00 a 14:00hs,"Frutihorticolas, pescadería, panadería, especies y legumbres, granja y carnes, fiambres y lácteos",https://data.buenosaires.gob.ar/dataset/ferias-mercados,2026-06-10,datos reales,datos reales,alta,no,Coordenadas provistas por GeoJSON FIAB,nan,nan,U43FC1
FIAB00155,F03,FIAB,Fiab 25,nan,"BONIFACIO, JOSE y MITRE, EMILIO, CABA",Caballito,6,-34.6279471,-58.44194294,fuente_oficial,VIERNES,de 8:00 a 14:00hs,"Frutihorticolas, pescadería, panadería, especies y legumbres, granja y carnes, fiambres y lácteos",https://data.buenosaires.gob.ar/dataset/ferias-mercados,2026-06-10,datos reales,datos reales,alta,no,Coordenadas provistas por GeoJSON FIAB,nan,nan,UC5817
FIAB00156,F03,FIAB,Fiab 25,nan,EL PROFETA DE LA PAMPA 4650,Parque Avellaneda,9,-34.6538654,-58.47765768,fuente_oficial,SABADO,de 8:00 a 14:00hs,"Frutihorticolas, pescadería, panadería, especies y legumbres, granja y carnes, fiambres y lácteos",https://data.buenosaires.gob.ar/dataset/ferias-mercados,2026-06-10,datos reales,datos reales,alta,no,Coordenadas provistas por GeoJSON FIAB,nan,nan,U7FDDC
FIAB00157,F03,FIAB,Fiab 25,nan,MANZANARES 2300,Nunez,13,-34.54708495,-58.46846927,fuente_oficial,DOMINGO,de 8:00 a 14:00hs,"Frutihorticolas, pescadería, panadería, especies y legumbres, granja y carnes, fiambres y lácteos",https://data.buenosaires.gob.ar/dataset/ferias-mercados,2026-06-10,datos reales,datos reales,alta,no,Coordenadas provistas por GeoJSON FIAB,nan,nan,UA904D
FIAB00158,F03,FIAB,Fiab 27,nan,CORRALES 801,Nueva Pompeya,4,-34.64631476,-58.42054488,fuente_oficial,JUEVES,de 8:00 a 14:00hs,"Frutihorticolas, pescadería, especies y legumbres, granja y carnes, fiambres y lácteos",https://data.buenosaires.gob.ar/dataset/ferias-mercados,2026-06-10,datos reales,datos reales,alta,no,Coordenadas provistas por GeoJSON FIAB,nan,nan,U28FFD
FIAB00159,F03,FIAB,Fiab 27,nan,"HOMERO y FALCON, RAMON L.,CNEL., CABA",Villa Luro,10,-34.63871709,-58.49466724,fuente_oficial,VIERNES,de 8:00 a 14:00hs,"Frutihorticolas, pescadería, especies y legumbres, granja y carnes, fiambres y lácteos",https://data.buenosaires.gob.ar/dataset/ferias-mercados,2026-06-10,datos reales,datos reales,alta,no,Coordenadas provistas por GeoJSON FIAB,nan,nan,U1FB57
FIAB00160,F03,FIAB,Fiab 27,nan,"ESTOMBA y UGARTE, MANUEL",Coghlan,12,-34.56385967,-58.47731061,fuente_oficial,DOMINGO,de 8:00 a 14:00hs,"Frutihorticolas, pescadería, especies y legumbres, granja y carnes, fiambres y lácteos",https://data.buenosaires.gob.ar/dataset/ferias-mercados,2026-06-10,datos reales,datos reales,alta,no,Coordenadas provistas por GeoJSON FIAB,nan,nan,U84BD7
FIAB00161,F03,FIAB,Fiab 27,nan,"RAVIGNANI, EMILIO, DR. 2000",Palermo,14,-34.57892902,-58.43626752,fuente_oficial,SABADO,de 8:00 a 14:00hs,"Frutihorticolas, pescadería, especies y legumbres, granja y carnes, fiambres y lácteos",https://data.buenosaires.gob.ar/dataset/ferias-mercados,2026-06-10,datos reales,datos reales,alta,no,Coordenadas provistas por GeoJSON FIAB,nan,nan,UCD026
FIAB00162,F03,FIAB,Fiab 27,nan,LOYOLA 1300,Chacarita,15,-34.58945189,-58.44183208,fuente_oficial,MARTES,de 8:00 a 14:00hs,"Frutihorticolas, pescadería, especies y legumbres, granja y carnes, fiambres y lácteos",https://data.buenosaires.gob.ar/dataset/ferias-mercados,2026-06-10,datos reales,datos reales,alta,no,Coordenadas provistas por GeoJSON FIAB,nan,nan,U1C572
FIAB00163,F03,FIAB,Fiab 28,nan,"CANTILO y PACHECO DE MELO, JOSE ANDRES, CABA",Recoleta,2,-34.58852742,-58.39713777,fuente_oficial,MARTES,de 8:00 a 14:00hs,No disponible,https://data.buenosaires.gob.ar/dataset/ferias-mercados,2026-06-10,datos reales,datos reales,alta,no,Coordenadas provistas por GeoJSON FIAB,nan,nan,UF3944
FIAB00164,F03,FIAB,Fiab 28,nan,"PARANA y ARENALES, CABA",Recoleta,2,-34.59393358,-58.38894046,fuente_oficial,JUEVES,de 8:00 a 16:00hs,No disponible,https://data.buenosaires.gob.ar/dataset/ferias-mercados,2026-06-10,datos reales,datos reales,alta,no,Coordenadas provistas por GeoJSON FIAB,nan,nan,U84AE1
FIAB00165,F03,FIAB,Fiab 28,nan,"TERRADA 1500, CABA",Villa Santa Rita,11,-34.61537464,-58.4764703,fuente_oficial,VIERNES,de 8:00 a 14:00hs,No disponible,https://data.buenosaires.gob.ar/dataset/ferias-mercados,2026-06-10,datos reales,datos reales,alta,no,Coordenadas provistas por GeoJSON FIAB,nan,nan,U7AA5A
FIAB00166,F03,FIAB,Fiab 28,nan,"CANTILO y PACHECO DE MELO, JOSE ANDRES, CABA",Recoleta,2,-34.58852742,-58.39728777,fuente_oficial,SABADO,de 8:00 a 14:00hs,No disponible,https://data.buenosaires.gob.ar/dataset/ferias-mercados,2026-06-10,datos reales,datos reales,alta,no,Coordenadas provistas por GeoJSON FIAB,nan,nan,UF3944
FIAB00167,F03,FIAB,Fiab 29,nan,DE MAYO AV. y RIVADAVIA AV.,San Nicolas,1,-34.60943422,-58.38804728,fuente_oficial,DOMINGO,de 8:00 a 14:00hs,"Frutihorticolas, pescadería, especies y legumbres, granja y carnes, fiambres y lácteos",https://data.buenosaires.gob.ar/dataset/ferias-mercados,2026-06-10,datos reales,datos reales,alta,no,Coordenadas provistas por GeoJSON FIAB,nan,nan,U59D35
FIAB00168,F03,FIAB,Fiab 29,nan,"ARREDONDO, VIRREY 3500, CABA",Colegiales,13,-34.57760987,-58.4590023,fuente_oficial,SABADO,de 8:00 a 14:00hs,"Frutihorticolas, pescadería, especies y legumbres, granja y carnes, fiambres y lácteos",https://data.buenosaires.gob.ar/dataset/ferias-mercados,2026-06-10,datos reales,datos reales,alta,no,Coordenadas provistas por GeoJSON FIAB,nan,nan,U329D4
FIAB00169,F03,FIAB,Fiab 29,nan,GALLO 600,Almagro,5,-34.60215941,-58.41271519,fuente_oficial,VIERNES,de 8:00 a 14:00hs,"Frutihorticolas, pescadería, especies y legumbres, granja y carnes, fiambres y lácteos",https://data.buenosaires.gob.ar/dataset/ferias-mercados,2026-06-10,datos reales,datos reales,alta,no,Coordenadas provistas por GeoJSON FIAB,nan,nan,U99A3B
FIAB00170,F03,FIAB,Fiab 29,nan,GALLO 600,Almagro,5,-34.60208279,-58.41272614,fuente_oficial,MIERCOLES,de 8:00 a 14:00hs,"Frutihorticolas, pescadería, especies y legumbres, granja y carnes, fiambres y lácteos",https://data.buenosaires.gob.ar/dataset/ferias-mercados,2026-06-10,datos reales,datos reales,alta,no,Coordenadas provistas por GeoJSON FIAB,nan,nan,U99A3B
FIAB00171,F03,FIAB,Fiab 29,nan,"INDEPENDENCIA AV. 4200, CABA",Boedo,5,-34.62215605,-58.42593522,fuente_oficial,JUEVES,de 8:00 a 14:00hs,"Frutihorticolas, pescadería, especies y legumbres, granja y carnes, fiambres y lácteos",https://data.buenosaires.gob.ar/dataset/ferias-mercados,2026-06-10,datos reales,datos reales,alta,no,Coordenadas provistas por GeoJSON FIAB,nan,nan,U88B89
FIAB00172,F03,FIAB,Fiab 7,nan,"HABANA 3000, CABA",Villa Pueyrredon,12,-34.59077096,-58.50127617,fuente_oficial,JUEVES,de 8:00 a 14:00hs,"Frutihorticolas, pescadería, especies y legumbres, granja y carne, fiambres y lácteos, limpieza",https://data.buenosaires.gob.ar/dataset/ferias-mercados,2026-06-10,datos reales,datos reales,alta,no,Coordenadas provistas por GeoJSON FIAB,nan,nan,UE3D5C
FIAB00173,F03,FIAB,Fiab 30,nan,VERTIZ VIRREY AV. y JURAMENTO,Belgrano,13,-34.55844153,-58.4505863,fuente_oficial,MIERCOLES,de 10:00 a 19:00hs,No disponible,https://data.buenosaires.gob.ar/dataset/ferias-mercados,2026-06-10,datos reales,datos reales,alta,no,Coordenadas provistas por GeoJSON FIAB,nan,nan,UA7835
FIAB00174,F03,FIAB,Fiab 31,nan,"BULLRICH, INT. AV. y SANTA FE AV.",Palermo,14,-34.57627469,-58.4259238,fuente_oficial,JUEVES,de 15:00 a 21hs,No disponible,https://data.buenosaires.gob.ar/dataset/ferias-mercados,2026-06-10,datos reales,datos reales,alta,no,Coordenadas provistas por GeoJSON FIAB,nan,nan,U01A5B
FIAB00175,F03,FIAB,Fiab 31,nan,"D'ARIENZO JUAN y ARTIGAS, JOSE GERVASIO, GRAL.",Villa Pueyrredon,12,-34.58020848,-58.50154218,fuente_oficial,LUNES,de 15:00 a 21:00hs,No disponible,https://data.buenosaires.gob.ar/dataset/ferias-mercados,2026-06-10,datos reales,datos reales,alta,no,Coordenadas provistas por GeoJSON FIAB,nan,nan,U10466
FIAB00176,F03,FIAB,Fiab 30,nan,"ISABEL LA CATOLICA y PINZON, CABA",Barracas,4,-34.63728765,-58.37368313,fuente_oficial,SABADO,de 10:00 a 19:00hs,No disponible,https://data.buenosaires.gob.ar/dataset/ferias-mercados,2026-06-10,datos reales,datos reales,alta,no,Coordenadas provistas por GeoJSON FIAB,nan,nan,UE55DD
FIAB00177,F03,FIAB,Fiab 30,nan,"FRENCH y DIAZ, CNEL. AV.",Palermo,14,-34.5855243,-58.4078882,fuente_oficial,DOMINGO,de 16:30 a 20:30hs,No disponible,https://data.buenosaires.gob.ar/dataset/ferias-mercados,2026-06-10,datos reales,datos reales,alta,no,Coordenadas provistas por GeoJSON FIAB,nan,nan,U48B1F
FIAB00178,F03,FIAB,Fiab 31,nan,"BULLRICH, INT. AV. y CERVIÑO AV.",Palermo,14,-34.57576427,-58.42527242,fuente_oficial,MARTES,de 15:00 a 21:00hs,No disponible,https://data.buenosaires.gob.ar/dataset/ferias-mercados,2026-06-10,datos reales,datos reales,alta,no,Coordenadas provistas por GeoJSON FIAB,nan,nan,U583B5
FIAB00179,F03,FIAB,Fiab 31,nan,"GUTIERREZ, RICARDO y HELGUERA",Villa del Parque,11,-34.6009758,-58.4940944,fuente_oficial,VIERNES,de 8:00 a 14:00hs,No disponible,https://data.buenosaires.gob.ar/dataset/ferias-mercados,2026-06-10,datos reales,datos reales,alta,no,Coordenadas provistas por GeoJSON FIAB,nan,nan,U6AFAE
FIAB00180,F03,FIAB,Fiab 6,nan,NAZARRE 2501,Villa del Parque,11,-34.59774139,-58.48722563,fuente_oficial,MARTES,De 08:00 a 14:00 hs,"Frutihorticolas, pescadería, plantas, especies y legumbres, granja y carne, fiambres y lácteos, limpieza",https://data.buenosaires.gob.ar/dataset/ferias-mercados,2026-06-10,datos reales,datos reales,alta,no,Coordenadas provistas por GeoJSON FIAB,nan,nan,UFA081
FIAB00181,F03,FIAB,Fiab 19,nan,PAEZ y NAZCA AV.,Flores,7,-34.62188572,-58.47285642,fuente_oficial,MARTES,De 08:00 a 14:00hs,"Frutihorticolas, especies y legumbres, granja y carnes, fiambres y lácteos, limpieza",https://data.buenosaires.gob.ar/dataset/ferias-mercados,2026-06-10,datos reales,datos reales,alta,no,Coordenadas provistas por GeoJSON FIAB,nan,nan,U20486
FIAB00182,F03,FIAB,Fiab 28,nan,"ALVEAR, MARCELO T. DE y LIBERTAD",Retiro,1,-34.5969238,-58.3834801,fuente_oficial,MIERCOLES,De 8:00 a 14:00hs,No disponible,https://data.buenosaires.gob.ar/dataset/ferias-mercados,2026-06-10,datos reales,datos reales,alta,no,Coordenadas provistas por GeoJSON FIAB,nan,nan,U01C34
FIAB00183,F03,FIAB,Fiab 4,nan,11 DE SEPTIEMBRE DE 1888 y OLAZABAL,Belgrano,13,-34.55729429,-58.45228973,fuente_oficial,VIERNES,De 08:00 a 14:00hs,"Frutihorticolas, pescadería, panadería, plantas, especies y legumbres, granja y carnes, fiambres y lácteos",https://data.buenosaires.gob.ar/dataset/ferias-mercados,2026-06-10,datos reales,datos reales,alta,no,Coordenadas provistas por GeoJSON FIAB,nan,nan,U16FA7
FIAB00184,F03,FIAB,Fiab 7,nan,BAHIA BLANCA 301,Floresta,10,-34.62971969,-58.48216624,fuente_oficial,DOMINGO,de 08:00 a 14:00hs,"Frutihorticolas, pescadería, especies y legumbres, granja y carne, fiambres y lácteos, limpieza",https://data.buenosaires.gob.ar/dataset/ferias-mercados,2026-06-10,datos reales,datos reales,alta,no,Coordenadas provistas por GeoJSON FIAB,nan,nan,UFDDF6
FIAB00185,F03,FIAB,Fiab 38,nan,RIVADAVIA AV. 4950,Caballito,6,-34.61717966,-58.4334466,fuente_oficial,LUNES,de 15:00 a 21:00hs,No disponible,https://data.buenosaires.gob.ar/dataset/ferias-mercados,2026-06-10,datos reales,datos reales,alta,no,Coordenadas provistas por GeoJSON FIAB,nan,nan,U480F6
FIAB00186,F03,FIAB,Fiab 27,nan,"VARELA, JOSE PEDRO 5800",Villa Real,10,-34.62011924,-58.52808353,fuente_oficial,LUNES,de 8:00 a 14:00hs,"Frutihorticolas, pescadería, especies y legumbres, granja y carnes, fiambres y lácteos",https://data.buenosaires.gob.ar/dataset/ferias-mercados,2026-06-10,datos reales,datos reales,alta,no,Coordenadas provistas por GeoJSON FIAB,nan,nan,UB0C44
FIAB00187,F03,FIAB,Fiab 11,nan,CONDOR 1600,Nueva Pompeya,4,-34.65409344,-58.42566845,fuente_oficial,DOMINGO,de 8:00 a 14:00hs,No disponible,https://data.buenosaires.gob.ar/dataset/ferias-mercados,2026-06-10,datos reales,datos reales,alta,no,Coordenadas provistas por GeoJSON FIAB,nan,nan,U30CBE
FIAB00188,F03,FIAB,Fiab 9,nan,DOBLAS 1800,Parque Chacabuco,7,-34.63730108,-58.42693266,fuente_oficial,LUNES,de 8:00 a 14:00hs,No disponible,https://data.buenosaires.gob.ar/dataset/ferias-mercados,2026-06-10,datos reales,datos reales,alta,no,Coordenadas provistas por GeoJSON FIAB,nan,nan,U241EE
FIAB00189,F03,FIAB,Fiab 10,nan,BASUALDO 800,Mataderos,9,-34.64538024,-58.49778191,fuente_oficial,LUNES,de 8:00 a 14:00hs,No disponible,https://data.buenosaires.gob.ar/dataset/ferias-mercados,2026-06-10,datos reales,datos reales,alta,no,Coordenadas provistas por GeoJSON FIAB,nan,nan,UAF369
FIAB00190,F03,FIAB,Fiab 15,nan,PIEDRA BUENA AV. 4900,Villa Riachuelo,8,-34.68780931,-58.47525024,fuente_oficial,LUNES,de 8:00 a 14:00hs,No disponible,https://data.buenosaires.gob.ar/dataset/ferias-mercados,2026-06-10,datos reales,datos reales,alta,no,Coordenadas provistas por GeoJSON FIAB,nan,nan,U7418D
FIAB00191,F03,FIAB,Fiab 6,nan,COMBATE DE SAN CARLOS y SOLDADO DE LA FRONTERA AV.,Villa Lugano,8,-34.68700849,-58.46219179,fuente_oficial,LUNES,de 8:00 a 14:00hs,No disponible,https://data.buenosaires.gob.ar/dataset/ferias-mercados,2026-06-10,datos reales,datos reales,alta,no,Coordenadas provistas por GeoJSON FIAB,nan,nan,UC59BD
FIAB00192,F03,FIAB,Fiab 1,nan,ISABEL LA CATOLICA 500,Barracas,4,-34.63724412,-58.37385781,fuente_oficial,LUNES,de 8:00 a 14:00hs,No disponible,https://data.buenosaires.gob.ar/dataset/ferias-mercados,2026-06-10,datos reales,datos reales,alta,no,Coordenadas provistas por GeoJSON FIAB,nan,nan,U9E9DD
FIAB00193,F03,FIAB,Fiab 38,nan,"RIVADAVIA AV. 4950, CABA",Caballito,6,-34.61786491,-58.43462556,fuente_oficial,DOMINGO,de 8:00 a 14:00hs,No disponible,https://data.buenosaires.gob.ar/dataset/ferias-mercados,2026-06-10,datos reales,datos reales,alta,no,Coordenadas provistas por GeoJSON FIAB,nan,nan,U6B1AA
FIAB00194,F03,FIAB,Fiab 33,nan,"CEVALLOS, VIRREY y YRIGOYEN, HIPOLITO, CABA",Monserrat,1,-34.60991795,-58.38917659,fuente_oficial,DOMINGO,de 17:00 a 22:00hs,No disponible,https://data.buenosaires.gob.ar/dataset/ferias-mercados,2026-06-10,datos reales,datos reales,alta,no,Coordenadas provistas por GeoJSON FIAB,nan,nan,U7AD8A
FIAB00195,F03,FIAB,Fiab 14,nan,SANCHEZ DE LORIA 1000,San Cristobal,3,-34.62245344,-58.41237732,fuente_oficial,LUNES,de 8:00 a 14:00hs,No disponible,https://data.buenosaires.gob.ar/dataset/ferias-mercados,2026-06-10,datos reales,datos reales,alta,no,Coordenadas provistas por GeoJSON FIAB,nan,nan,U8F7D4
FIAB00196,F03,FIAB,Fiab 18,nan,CAMACUA 400,Flores,7,-34.63265208,-58.45618,fuente_oficial,LUNES,de 8:00 a 14:00hs,No disponible,https://data.buenosaires.gob.ar/dataset/ferias-mercados,2026-06-10,datos reales,datos reales,alta,no,Coordenadas provistas por GeoJSON FIAB,nan,nan,U8147A
FIAB00197,F03,FIAB,Fiab 23,nan,"CORONADO, MARTIN y SALGUERO, JERONIMO",Palermo,14,-34.57629975,-58.40377501,fuente_oficial,LUNES,de 8:00 a 14:00hs,No disponible,https://data.buenosaires.gob.ar/dataset/ferias-mercados,2026-06-10,datos reales,datos reales,alta,no,Coordenadas provistas por GeoJSON FIAB,nan,nan,U575B0
FIAB00198,F03,FIAB,Fiab 7,nan,GUTENBERG 3700,Villa Devoto,11,-34.59576518,-58.51128708,fuente_oficial,LUNES,de 8:00 a 14:00hs,No disponible,https://data.buenosaires.gob.ar/dataset/ferias-mercados,2026-06-10,datos reales,datos reales,alta,no,Coordenadas provistas por GeoJSON FIAB,nan,nan,U56F41
FIAB00199,F03,FIAB,Fiab 25,nan,ECHEVERRIA 4300,Villa Urquiza,12,-34.57394894,-58.47485398,fuente_oficial,LUNES,de 8:00 a 14:00hs,No disponible,https://data.buenosaires.gob.ar/dataset/ferias-mercados,2026-06-10,datos reales,datos reales,alta,no,Coordenadas provistas por GeoJSON FIAB,nan,nan,U88B2C
FIAB00200,F03,FIAB,Fiab 20,nan,"ALVAREZ, CRISOSTOMO 2900",Flores,7,-34.64615674,-58.45810651,fuente_oficial,LUNES,de 8:00 a 14:00hs,"Frutihorticolas, pescadería, especies y legumbres, granja y carnes, fiambres y lácteos",https://data.buenosaires.gob.ar/dataset/ferias-mercados,2026-06-10,datos reales,datos reales,alta,no,Coordenadas provistas por GeoJSON FIAB,nan,nan,UD528A
FIAB00201,F03,FIAB,Fiab 2,nan,CONDE 200,Colegiales,13,-34.58057106,-58.44530561,fuente_oficial,DOMINGO,de 8:00 a 14:00hs,"Frutihorticolas, pescadería, plantas, especies y legumbres, granja y carnes, fiambres y lácteos",https://data.buenosaires.gob.ar/dataset/ferias-mercados,2026-06-10,datos reales,datos reales,alta,no,Coordenadas provistas por GeoJSON FIAB,nan,nan,U7806B
FIAB00202,F03,FIAB,Fiab 10,nan,"BRUNO, GIORDANO y NEUQUEN",Caballito,6,-34.61664255,-58.44107859,fuente_oficial,DOMINGO,de 8:00 a 14:00hs,"Frutihorticolas, pescadería, especies y legumbres, granja y carnes, fiambres y lácteos",https://data.buenosaires.gob.ar/dataset/ferias-mercados,2026-06-10,datos reales,datos reales,alta,no,Coordenadas provistas por GeoJSON FIAB,nan,nan,U83F54
FIAB00203,F03,FIAB,Fiab 3,nan,"BROWN, ALTE. AV. 350",No determinado,4.0,-34.62990016,-58.36434405,fuente_oficial,DOMINGO,de 8:00 a 14:00hs,"Pescaderia, especies y legumbres, granja y carne, fiambre y lácteos, limpieza",https://data.buenosaires.gob.ar/dataset/ferias-mercados,2026-06-10,datos reales,datos reales,alta,no,Coordenadas provistas por GeoJSON FIAB,nan,nan,U1F0A8
FIAB00204,F03,FIAB,Fiab 12,nan,"MEDRANO y EL SALVADOR, CABA",Palermo,14,-34.5922724,-58.41958274,fuente_oficial,MIERCOLES,de 8:00 a 14:00hs,"Frutihorticolas, pescadería, panadería, plantas, especies y legumbres, granja y carnes, fiambres y lácteos, limpieza",https://data.buenosaires.gob.ar/dataset/ferias-mercados,2026-06-10,datos reales,datos reales,alta,no,Coordenadas provistas por GeoJSON FIAB,nan,nan,UFA2FB
FIAB00205,F03,FIAB,Fiab 38,nan,"SOMELLERA y MURGUIONDO, CABA",Villa Lugano,8,-34.67703705,-58.47709278,fuente_oficial,MIERCOLES,de 15:00 a 20:00hs,No disponible,https://data.buenosaires.gob.ar/dataset/ferias-mercados,2026-06-10,datos reales,datos reales,alta,no,Coordenadas provistas por GeoJSON FIAB,nan,nan,UAA102
FIAB00206,F03,FIAB,Fiab 1,nan,"ISABEL LA CATOLICA 500, CABA",Barracas,4,-34.63707564,-58.37379113,fuente_oficial,SABADO,de 10:00 a 18:00hs,No disponible,https://data.buenosaires.gob.ar/dataset/ferias-mercados,2026-06-10,datos reales,datos reales,alta,no,Coordenadas provistas por GeoJSON FIAB,nan,nan,U0EB78
FIAB00207,F03,FIAB,Fiab 24,nan,"AYACUCHO 700, CABA",Balvanera,3,-34.6003447,-58.39552778,fuente_oficial,LUNES,de 8:00 a 14:00hs,"Frutihorticolas, pescadería, especies y legumbres, granja y carnes, fiambres y lácteos",https://data.buenosaires.gob.ar/dataset/ferias-mercados,2026-06-10,datos reales,datos reales,alta,no,Coordenadas provistas por GeoJSON FIAB,nan,nan,UAA731
FIAB00208,F03,FIAB,Fiab 36,nan,"MARTINEZ, ENRIQUE, GRAL. y ARENAL, CONCEPCION, CABA",Colegiales,13,-34.58147308,-58.44517084,fuente_oficial,DOMINGO,de 13:00 a 20:00hs,No disponible,https://data.buenosaires.gob.ar/dataset/ferias-mercados,2026-06-10,datos reales,datos reales,alta,no,Coordenadas provistas por GeoJSON FIAB,nan,nan,U71E0C
FIAB00209,F03,FIAB,Fiab 5,nan,"SEGUI, F. J., ALTE. y NEUQUEN, CABA",Caballito,6,-34.61457972,-58.45676747,fuente_oficial,DOMINGO,de 8:00 a 14:00hs,"Frutihorticolas, pescadería, panadería, especies y legumbres, granja y carnes, fiambres y lácteos",https://data.buenosaires.gob.ar/dataset/ferias-mercados,2026-06-10,datos reales,datos reales,alta,no,Coordenadas provistas por GeoJSON FIAB,nan,nan,UB6A2B
FIAB00210,F03,FIAB,Fiab 32,nan,"RIVADAVIA AV. y BEAUCHEF, CABA",Caballito,6,-34.61811191,-58.43460456,fuente_oficial,DOMINGO,de 16:00 a 23:00hs,No disponible,https://data.buenosaires.gob.ar/dataset/ferias-mercados,2026-06-10,datos reales,datos reales,alta,no,Coordenadas provistas por GeoJSON FIAB,nan,nan,U9D889
FIAB00211,F03,FIAB,Fiab 31,nan,"GUTIERREZ, RICARDO y HELGUERA, CABA",Villa del Parque,11,-34.60092723,-58.49397994,fuente_oficial,DOMINGO,de 15:00 a 20:00hs,No disponible,https://data.buenosaires.gob.ar/dataset/ferias-mercados,2026-06-10,datos reales,datos reales,alta,no,Coordenadas provistas por GeoJSON FIAB,nan,nan,U9751D
FIAB00212,F03,FIAB,Fiab 38,nan,"RIVADAVIA AV. 4900, CABA",Caballito,6,-34.6173879,-58.43370252,fuente_oficial,VIERNES,de 16:00 a 21:00hs,No disponible,https://data.buenosaires.gob.ar/dataset/ferias-mercados,2026-06-10,datos reales,datos reales,alta,no,Coordenadas provistas por GeoJSON FIAB,nan,nan,U4021F
FIAB00213,F03,FIAB,Fiab 30,nan,"RIVADAVIA AV. 4900, CABA",Caballito,6,-34.6174229,-58.43370252,fuente_oficial,VIERNES,de 12:00 a 20:00hs,No disponible,https://data.buenosaires.gob.ar/dataset/ferias-mercados,2026-06-10,datos reales,datos reales,alta,no,Coordenadas provistas por GeoJSON FIAB,nan,nan,U4021F
FIAB00214,F03,FIAB,Fiab 1,nan,"SALGUERO, JERONIMO y LAS HERAS GENERAL AV., CABA",Palermo,14,-34.5815492,-58.41005226,fuente_oficial,VIERNES,de 8:00 a 14:00hs,"Frutihorticolas, pescadería, panadería, especies y legumbres, granja y carnes, fiambres y lácteos, limpieza",https://data.buenosaires.gob.ar/dataset/ferias-mercados,2026-06-10,datos reales,datos reales,alta,no,Coordenadas provistas por GeoJSON FIAB,nan,nan,U928FB
FIAB00215,F03,FIAB,Fiab 1,nan,"SALGUERO, JERONIMO y LAS HERAS GENERAL AV., CABA",Palermo,14,-34.5815672,-58.41007326,fuente_oficial,DOMINGO,de 8:00 a 14:00hs,"Frutihorticolas, pescadería, panadería, especies y legumbres, granja y carnes, fiambres y lácteos, limpieza",https://data.buenosaires.gob.ar/dataset/ferias-mercados,2026-06-10,datos reales,datos reales,alta,no,Coordenadas provistas por GeoJSON FIAB,nan,nan,U928FB
FIAB00216,F03,FIAB,Fiab 34,nan,BRASIL AV. y PASEO COLON AV.,San Telmo,1,-34.6255464,-58.36842582,fuente_oficial,SABADO,de 10:00 a 19:00hs,No disponible,https://data.buenosaires.gob.ar/dataset/ferias-mercados,2026-06-10,datos reales,datos reales,alta,no,Coordenadas provistas por GeoJSON FIAB,nan,nan,U07301
FIAB00217,F03,FIAB,Fiab 34,nan,DIAZ VELEZ AV. 4900,Caballito,6,-34.60848668,-58.43602055,fuente_oficial,VIERNES,de 10:00 a 19:00hs,No disponible,https://data.buenosaires.gob.ar/dataset/ferias-mercados,2026-06-10,datos reales,datos reales,alta,no,Coordenadas provistas por GeoJSON FIAB,nan,nan,U2ECBC
FIAB00218,F03,FIAB,Fiab 30,nan,"CEVALLOS, VIRREY y YRIGOYEN, HIPOLITO",Monserrat,1,-34.61007857,-58.38905314,fuente_oficial,JUEVES,de 10:00 a 19:00hs,No disponible,https://data.buenosaires.gob.ar/dataset/ferias-mercados,2026-06-10,datos reales,datos reales,alta,no,Coordenadas provistas por GeoJSON FIAB,nan,nan,U9B31F
FIAB00219,F03,FIAB,Fiab 36,nan,"MARTINEZ, ENRIQUE, GRAL. y ARENAL, CONCEPCION",Colegiales,13,-34.58147308,-58.44517084,fuente_oficial,SABADO,13:00 a 20:00 hs.,No disponible,https://data.buenosaires.gob.ar/dataset/ferias-mercados,2026-06-10,datos reales,datos reales,alta,no,Coordenadas provistas por GeoJSON FIAB,nan,nan,U9192B
FIAB00220,F03,FIAB,Fiab 34,nan,BRASIL AV. y PASEO COLON AV.,San Telmo,1,-34.62586441,-58.36864083,fuente_oficial,DOMINGO,de 10:00 a 19:00hs,No disponible,https://data.buenosaires.gob.ar/dataset/ferias-mercados,2026-06-10,datos reales,datos reales,alta,no,Coordenadas provistas por GeoJSON FIAB,nan,nan,U07301
