id_mercado_feria,nombre,tipo_espacio,id_ubicacion,gestion,dias_funcionamiento,horarios,cantidad_puestos,rubros,estado,id_fuente,url_fuente,fecha_consulta,link,calidad_dato,requiere_validacion,motivo_validacion,observaciones,origen_dato,estado_datos
ESP00001,CENTRO DE ABASTECIMIENTO MUNICIPAL Nº 72,Mercado,UD1B36,No disponible,No disponible,No disponible,No aplica,No disponible,activo,F03,https://data.buenosaires.gob.ar/dataset/ferias-mercados,2026-06-10,https://data.buenosaires.gob.ar/dataset/ferias-mercados,alta,si,Mercado sin coordenadas de fuente; no geocodificado,CAM Nº 72,datos reales,datos reales
ESP00002,CENTRO DE ABASTECIMIENTO MUNIPAL Nº 27,Mercado,U9554B,No disponible,No disponible,No disponible,No aplica,No disponible,activo,F03,https://data.buenosaires.gob.ar/dataset/ferias-mercados,2026-06-10,https://data.buenosaires.gob.ar/dataset/ferias-mercados,alta,si,Mercado sin coordenadas de fuente; no geocodificado,CAM Nº 27,datos reales,datos reales
ESP00003,CENTRO DE ABASTECIMIENTO MUNICIPAL Nº 116,Mercado,UEA8D5,No disponible,No disponible,No disponible,No aplica,No disponible,activo,F03,https://data.buenosaires.gob.ar/dataset/ferias-mercados,2026-06-10,https://data.buenosaires.gob.ar/dataset/ferias-mercados,alta,si,Mercado sin coordenadas de fuente; no geocodificado,CAM Nº 116,datos reales,datos reales
ESP00004,CENTRO DE ABASTECIMIENTO MUNICIPAL Nº 128,Mercado,U7FA8F,No disponible,No disponible,No disponible,No aplica,No disponible,activo,F03,https://data.buenosaires.gob.ar/dataset/ferias-mercados,2026-06-10,https://data.buenosaires.gob.ar/dataset/ferias-mercados,alta,si,Mercado sin coordenadas de fuente; no geocodificado,CAM Nº 128,datos reales,datos reales
ESP00005,Mercado Comunitario Primera Junta,Mercado,UB6E19,No disponible,No disponible,No disponible,No aplica,No disponible,activo,F03,https://data.buenosaires.gob.ar/dataset/ferias-mercados,2026-06-10,https://data.buenosaires.gob.ar/dataset/ferias-mercados,alta,si,Mercado sin coordenadas de fuente; no geocodificado,MC PRIMERA JUNTA,datos reales,datos reales
ESP00006,M1,Mercado,U79DE8,No disponible,No disponible,No disponible,No aplica,No disponible,activo,F03,https://data.buenosaires.gob.ar/dataset/ferias-mercados,2026-06-10,https://data.buenosaires.gob.ar/dataset/ferias-mercados,alta,si,Mercado sin coordenadas de fuente; no geocodificado,M1,datos reales,datos reales
ESP00007,Parque Los Andes,Feria especializada,U292E6,No disponible,"SABADO, DOMINGOS Y FERIADOS",No disponible,No aplica,MANUALIDADES Y ANTIGÜEDADES,activo,F03,https://data.buenosaires.gob.ar/dataset/ferias-mercados,2026-06-10,https://data.buenosaires.gob.ar/dataset/ferias-mercados,alta,no,Espacio de feria publicado por fuente oficial,NA,datos reales,datos reales
ESP00008,Mercado De Las Pulgas,Feria especializada,U67916,No disponible,MARTES A DOMINGO,No disponible,No aplica,ANTIGÜEDADES,activo,F03,https://data.buenosaires.gob.ar/dataset/ferias-mercados,2026-06-10,https://data.buenosaires.gob.ar/dataset/ferias-mercados,alta,no,Espacio de feria publicado por fuente oficial,NA,datos reales,datos reales
ESP00009,Paseo Centenario,Feria especializada,U6AFD7,No disponible,"SABADO, DOMINGOS Y FERIADOS",No disponible,No aplica,MANUALIDADES Y ANTIGÜEDADES,activo,F03,https://data.buenosaires.gob.ar/dataset/ferias-mercados,2026-06-10,https://data.buenosaires.gob.ar/dataset/ferias-mercados,alta,no,Espacio de feria publicado por fuente oficial,NA,datos reales,datos reales
ESP00010,PLAZOLETA 1º JUNTA,Feria especializada,U41E96,No disponible,MARTES A DOMINGO,No disponible,No aplica,LIBROS USADOS,activo,F03,https://data.buenosaires.gob.ar/dataset/ferias-mercados,2026-06-10,https://data.buenosaires.gob.ar/dataset/ferias-mercados,alta,no,Espacio de feria publicado por fuente oficial,NA,datos reales,datos reales
ESP00011,Feria Parque Centenario,Feria especializada,U59FF0,No disponible,"SABADO, DOMINGOS Y FERIADOS",No disponible,No aplica,ARTESANIAS,activo,F03,https://data.buenosaires.gob.ar/dataset/ferias-mercados,2026-06-10,https://data.buenosaires.gob.ar/dataset/ferias-mercados,alta,no,Espacio de feria publicado por fuente oficial,NA,datos reales,datos reales
ESP00012,Parque Centenario,Feria especializada,U46DB0,No disponible,MARTES A DOMINGO,No disponible,No aplica,LIBROS USADOS,activo,F03,https://data.buenosaires.gob.ar/dataset/ferias-mercados,2026-06-10,https://data.buenosaires.gob.ar/dataset/ferias-mercados,alta,no,Espacio de feria publicado por fuente oficial,NA,datos reales,datos reales
ESP00013,Parque Rivadavia,Feria especializada,UF2068,No disponible,MARTES A DOMINGO,No disponible,No aplica,"LIBROS USADOS, ANTIGÜEDADES, FILATELIA Y NUMISMATICA",activo,F03,https://data.buenosaires.gob.ar/dataset/ferias-mercados,2026-06-10,https://data.buenosaires.gob.ar/dataset/ferias-mercados,alta,no,Espacio de feria publicado por fuente oficial,NA,datos reales,datos reales
ESP00014,Paseo Parque Patricios,Feria especializada,UF253C,No disponible,"SABADO, DOMINGOS Y FERIADOS",No disponible,No aplica,MANUALIDADES Y ANTIGÜEDADES,activo,F03,https://data.buenosaires.gob.ar/dataset/ferias-mercados,2026-06-10,https://data.buenosaires.gob.ar/dataset/ferias-mercados,alta,no,Espacio de feria publicado por fuente oficial,NA,datos reales,datos reales
ESP00015,Parque De Los Patricios,Feria especializada,U7A8D3,No disponible,MARTES A DOMINGO,No disponible,No aplica,LIBROS USADOS,activo,F03,https://data.buenosaires.gob.ar/dataset/ferias-mercados,2026-06-10,https://data.buenosaires.gob.ar/dataset/ferias-mercados,alta,no,Espacio de feria publicado por fuente oficial,NA,datos reales,datos reales
ESP00016,Paseo Alberdi,Feria especializada,U70CBB,No disponible,"SABADO, DOMINGOS Y FERIADOS",No disponible,No aplica,MANUALIDADES Y ANTIGÜEDADES,activo,F03,https://data.buenosaires.gob.ar/dataset/ferias-mercados,2026-06-10,https://data.buenosaires.gob.ar/dataset/ferias-mercados,alta,no,Espacio de feria publicado por fuente oficial,NA,datos reales,datos reales
ESP00017,PASEO HUMBERTO 1º,Feria especializada,U14F1A,No disponible,"SABADO, DOMINGOS Y FERIADOS",No disponible,No aplica,MANUALIDADES Y ANTIGÜEDADES,activo,F03,https://data.buenosaires.gob.ar/dataset/ferias-mercados,2026-06-10,https://data.buenosaires.gob.ar/dataset/ferias-mercados,alta,no,Espacio de feria publicado por fuente oficial,NA,datos reales,datos reales
ESP00018,Paseo Lezama,Feria especializada,UD22A9,No disponible,"SABADO, DOMINGOS Y FERIADOS",No disponible,No aplica,MANUALIDADES Y ANTIGÜEDADES,activo,F03,https://data.buenosaires.gob.ar/dataset/ferias-mercados,2026-06-10,https://data.buenosaires.gob.ar/dataset/ferias-mercados,alta,no,Espacio de feria publicado por fuente oficial,NA,datos reales,datos reales
ESP00019,Feria Parque Lezama,Feria especializada,U66415,No disponible,"SABADO, DOMINGOS Y FERIADOS",No disponible,No aplica,ARTESANIAS,activo,F03,https://data.buenosaires.gob.ar/dataset/ferias-mercados,2026-06-10,https://data.buenosaires.gob.ar/dataset/ferias-mercados,alta,no,Espacio de feria publicado por fuente oficial,NA,datos reales,datos reales
ESP00020,Paseo Saavedra,Feria especializada,U454A3,No disponible,"SABADO, DOMINGOS Y FERIADOS",No disponible,No aplica,MANUALIDADES Y ANTIGÜEDADES,activo,F03,https://data.buenosaires.gob.ar/dataset/ferias-mercados,2026-06-10,https://data.buenosaires.gob.ar/dataset/ferias-mercados,alta,no,Espacio de feria publicado por fuente oficial,NA,datos reales,datos reales
ESP00021,Paseo Avellaneda,Feria especializada,U628EA,No disponible,"SABADO, DOMINGOS Y FERIADOS",No disponible,No aplica,MANUALIDADES Y ANTIGÜEDADES,activo,F03,https://data.buenosaires.gob.ar/dataset/ferias-mercados,2026-06-10,https://data.buenosaires.gob.ar/dataset/ferias-mercados,alta,no,Espacio de feria publicado por fuente oficial,NA,datos reales,datos reales
ESP00022,Paseo Palerno Viejo,Feria especializada,U16324,No disponible,"SABADO, DOMINGOS Y FERIADOS",No disponible,No aplica,MANUALIDADES Y ANTIGÜEDADES,activo,F03,https://data.buenosaires.gob.ar/dataset/ferias-mercados,2026-06-10,https://data.buenosaires.gob.ar/dataset/ferias-mercados,alta,no,Espacio de feria publicado por fuente oficial,NA,datos reales,datos reales
ESP00023,Paseo Cortazar,Feria especializada,UB45D3,No disponible,"SABADO, DOMINGOS Y FERIADOS",No disponible,No aplica,MANUALIDADES Y ANTIGÜEDADES,activo,F03,https://data.buenosaires.gob.ar/dataset/ferias-mercados,2026-06-10,https://data.buenosaires.gob.ar/dataset/ferias-mercados,alta,no,Espacio de feria publicado por fuente oficial,NA,datos reales,datos reales
ESP00024,Plazoleta Santa Fe,Feria especializada,U220D9,No disponible,MARTES A DOMINGO,No disponible,No aplica,LIBROS USADOS,activo,F03,https://data.buenosaires.gob.ar/dataset/ferias-mercados,2026-06-10,https://data.buenosaires.gob.ar/dataset/ferias-mercados,alta,no,Espacio de feria publicado por fuente oficial,NA,datos reales,datos reales
ESP00025,Feria Plaza Italia,Feria especializada,U9C314,No disponible,"SABADO, DOMINGOS Y FERIADOS",No disponible,No aplica,ARTESANIAS,activo,F03,https://data.buenosaires.gob.ar/dataset/ferias-mercados,2026-06-10,https://data.buenosaires.gob.ar/dataset/ferias-mercados,alta,no,Espacio de feria publicado por fuente oficial,NA,datos reales,datos reales
ESP00026,Paseo El Retiro,Feria especializada,U44CEE,No disponible,"SABADO, DOMINGOS Y FERIADOS",No disponible,No aplica,MANUALIDADES Y ANTIGÜEDADES,activo,F03,https://data.buenosaires.gob.ar/dataset/ferias-mercados,2026-06-10,https://data.buenosaires.gob.ar/dataset/ferias-mercados,alta,no,Espacio de feria publicado por fuente oficial,NA,datos reales,datos reales
ESP00027,Plazoleta Tango,Feria especializada,U0A9E5,No disponible,MARTES A DOMINGO,No disponible,No aplica,LIBROS USADOS,activo,F03,https://data.buenosaires.gob.ar/dataset/ferias-mercados,2026-06-10,https://data.buenosaires.gob.ar/dataset/ferias-mercados,alta,no,Espacio de feria publicado por fuente oficial,NA,datos reales,datos reales
ESP00028,Plaza Lavalle,Feria especializada,U326E2,No disponible,MARTES A DOMINGO,No disponible,No aplica,LIBROS USADOS,activo,F03,https://data.buenosaires.gob.ar/dataset/ferias-mercados,2026-06-10,https://data.buenosaires.gob.ar/dataset/ferias-mercados,alta,no,Espacio de feria publicado por fuente oficial,NA,datos reales,datos reales
ESP00029,Paseo Manuel Belgrano,Feria especializada,U2FCF3,No disponible,"SABADO, DOMINGOS Y FERIADOS",No disponible,No aplica,MANUALIDADES Y ANTIGÜEDADES,activo,F03,https://data.buenosaires.gob.ar/dataset/ferias-mercados,2026-06-10,https://data.buenosaires.gob.ar/dataset/ferias-mercados,alta,no,Espacio de feria publicado por fuente oficial,NA,datos reales,datos reales
ESP00030,Feria Plaza M. Belgrano,Feria especializada,U5FB8D,No disponible,"SABADO, DOMINGOS Y FERIADOS",No disponible,No aplica,ARTESANIAS,activo,F03,https://data.buenosaires.gob.ar/dataset/ferias-mercados,2026-06-10,https://data.buenosaires.gob.ar/dataset/ferias-mercados,alta,no,Espacio de feria publicado por fuente oficial,NA,datos reales,datos reales
ESP00031,Paseo Recoleta,Feria especializada,UE772F,No disponible,"SABADO, DOMINGOS Y FERIADOS",No disponible,No aplica,MANUALIDADES Y ANTIGÜEDADES,activo,F03,https://data.buenosaires.gob.ar/dataset/ferias-mercados,2026-06-10,https://data.buenosaires.gob.ar/dataset/ferias-mercados,alta,no,Espacio de feria publicado por fuente oficial,NA,datos reales,datos reales
ESP00032,Plaza Houssay,Feria especializada,UE029A,No disponible,MARTES A DOMINGO,No disponible,No aplica,LIBROS USADOS,activo,F03,https://data.buenosaires.gob.ar/dataset/ferias-mercados,2026-06-10,https://data.buenosaires.gob.ar/dataset/ferias-mercados,alta,no,Espacio de feria publicado por fuente oficial,NA,datos reales,datos reales
ESP00033,Feria Intendente Alvear,Feria especializada,U7C427,No disponible,"SABADO, DOMINGOS Y FERIADOS",No disponible,No aplica,ARTESANIAS,activo,F03,https://data.buenosaires.gob.ar/dataset/ferias-mercados,2026-06-10,https://data.buenosaires.gob.ar/dataset/ferias-mercados,alta,no,Espacio de feria publicado por fuente oficial,NA,datos reales,datos reales
ESP00034,Feria Plaza Houssay,Feria especializada,UE029A,No disponible,MARTES A VIERNES,No disponible,No aplica,ARTESANIAS,activo,F03,https://data.buenosaires.gob.ar/dataset/ferias-mercados,2026-06-10,https://data.buenosaires.gob.ar/dataset/ferias-mercados,alta,no,Espacio de feria publicado por fuente oficial,FRENTE FAC. CS.EC.,datos reales,datos reales
ESP00035,Paseo Vuelta De Rocha,Feria especializada,U9BF21,No disponible,"SABADO, DOMINGOS Y FERIADOS",No disponible,No aplica,MANUALIDADES Y ANTIGÜEDADES,activo,F03,https://data.buenosaires.gob.ar/dataset/ferias-mercados,2026-06-10,https://data.buenosaires.gob.ar/dataset/ferias-mercados,alta,no,Espacio de feria publicado por fuente oficial,NA,datos reales,datos reales
ESP00036,Feria Vuelta De Rocha,Feria especializada,U990C5,No disponible,JUEVES Y VIERNES / SABADO Y DOMINGOS,No disponible,No aplica,ARTESANIAS,activo,F03,https://data.buenosaires.gob.ar/dataset/ferias-mercados,2026-06-10,https://data.buenosaires.gob.ar/dataset/ferias-mercados,alta,no,Espacio de feria publicado por fuente oficial,NA,datos reales,datos reales
FIAB00037,Fiab 5,FIAB,UAF7A8,No disponible,MARTES,de 8:00 a 14:00hs,No aplica,"Frutihorticolas, pescadería, panadería, especies y legumbres, granja y carnes, fiambres y lácteos",activo,F03,https://data.buenosaires.gob.ar/dataset/ferias-mercados,2026-06-10,https://data.buenosaires.gob.ar/dataset/ferias-mercados,alta,no,Coordenadas provistas por GeoJSON FIAB,nan,datos reales,datos reales
FIAB00038,Fiab 11,FIAB,U063F3,No disponible,VIERNES,de 8:00 a 14:00hs,No aplica,"Frutihorticolas, pescadería, mascotas, especies y legumbres, granja y carnes, fiambres y lácteos",activo,F03,https://data.buenosaires.gob.ar/dataset/ferias-mercados,2026-06-10,https://data.buenosaires.gob.ar/dataset/ferias-mercados,alta,no,Coordenadas provistas por GeoJSON FIAB,nan,datos reales,datos reales
FIAB00039,Fiab 2,FIAB,UF5D65,No disponible,MARTES,de 8:00 a 14:00hs,No aplica,"Frutihorticolas, pescadería, plantas, especies y legumbres, granja y carnes, fiambres y lácteos",activo,F03,https://data.buenosaires.gob.ar/dataset/ferias-mercados,2026-06-10,https://data.buenosaires.gob.ar/dataset/ferias-mercados,alta,no,Coordenadas provistas por GeoJSON FIAB,nan,datos reales,datos reales
FIAB00040,Fiab 12,FIAB,U376D9,No disponible,SABADO,de 8:00 a 14:00hs,No aplica,"Frutihorticolas, pescadería, panadería, plantas, especies y legumbres, granja y carnes, fiambres y lácteos, limpieza",activo,F03,https://data.buenosaires.gob.ar/dataset/ferias-mercados,2026-06-10,https://data.buenosaires.gob.ar/dataset/ferias-mercados,alta,no,Coordenadas provistas por GeoJSON FIAB,nan,datos reales,datos reales
FIAB00041,Fiab 5,FIAB,U9313D,No disponible,MIERCOLES,de 8:00 a 14:00hs,No aplica,"Frutihorticolas, pescadería, panadería, especies y legumbres, granja y carnes, fiambres y lácteos",activo,F03,https://data.buenosaires.gob.ar/dataset/ferias-mercados,2026-06-10,https://data.buenosaires.gob.ar/dataset/ferias-mercados,alta,no,Coordenadas provistas por GeoJSON FIAB,nan,datos reales,datos reales
FIAB00042,Fiab 5,FIAB,U7B790,No disponible,SABADO,de 8:00 a 14:00hs,No aplica,"Frutihorticolas, pescadería, panadería, especies y legumbres, granja y carnes, fiambres y lácteos",activo,F03,https://data.buenosaires.gob.ar/dataset/ferias-mercados,2026-06-10,https://data.buenosaires.gob.ar/dataset/ferias-mercados,alta,no,Coordenadas provistas por GeoJSON FIAB,nan,datos reales,datos reales
FIAB00043,Fiab 5,FIAB,U74F96,No disponible,DOMINGO,de 8:00 a 14:00hs,No aplica,"Frutihorticolas, pescadería, panadería, especies y legumbres, granja y carnes, fiambres y lácteos",activo,F03,https://data.buenosaires.gob.ar/dataset/ferias-mercados,2026-06-10,https://data.buenosaires.gob.ar/dataset/ferias-mercados,alta,no,Coordenadas provistas por GeoJSON FIAB,nan,datos reales,datos reales
FIAB00044,Fiab 10,FIAB,U83F54,No disponible,JUEVES,de 8:00 a 14:00hs,No aplica,"Frutihorticolas, pescadería, especies y legumbres, granja y carnes, fiambres y lácteos",activo,F03,https://data.buenosaires.gob.ar/dataset/ferias-mercados,2026-06-10,https://data.buenosaires.gob.ar/dataset/ferias-mercados,alta,no,Coordenadas provistas por GeoJSON FIAB,nan,datos reales,datos reales
FIAB00045,Fiab 12,FIAB,U4E7D8,No disponible,MARTES,de 8:00 a 14:00hs,No aplica,"Frutihorticolas, pescadería, panadería, plantas, especies y legumbres, granja y carnes, fiambres y lácteos, limpieza",activo,F03,https://data.buenosaires.gob.ar/dataset/ferias-mercados,2026-06-10,https://data.buenosaires.gob.ar/dataset/ferias-mercados,alta,no,Coordenadas provistas por GeoJSON FIAB,nan,datos reales,datos reales
FIAB00046,Fiab 12,FIAB,UAFBB0,No disponible,DOMINGO,de 8:00 a 14:00hs,No aplica,"Frutihorticolas, pescadería, panadería, plantas, especies y legumbres, granja y carnes, fiambres y lácteos, limpieza",activo,F03,https://data.buenosaires.gob.ar/dataset/ferias-mercados,2026-06-10,https://data.buenosaires.gob.ar/dataset/ferias-mercados,alta,no,Coordenadas provistas por GeoJSON FIAB,nan,datos reales,datos reales
FIAB00047,Fiab 4,FIAB,UA0216,No disponible,MARTES,de 8:00 a 14:00hs,No aplica,"Frutihorticolas, pescadería, panadería, plantas, especies y legumbres, granja y carnes, fiambres y lácteos",activo,F03,https://data.buenosaires.gob.ar/dataset/ferias-mercados,2026-06-10,https://data.buenosaires.gob.ar/dataset/ferias-mercados,alta,no,Coordenadas provistas por GeoJSON FIAB,nan,datos reales,datos reales
FIAB00048,Fiab 5,FIAB,U76E57,No disponible,VIERNES,de 8:00 a 14:00hs,No aplica,"Frutihorticolas, pescadería, panadería, especies y legumbres, granja y carnes, fiambres y lácteos",activo,F03,https://data.buenosaires.gob.ar/dataset/ferias-mercados,2026-06-10,https://data.buenosaires.gob.ar/dataset/ferias-mercados,alta,no,Coordenadas provistas por GeoJSON FIAB,nan,datos reales,datos reales
FIAB00049,Fiab 1,FIAB,U81512,No disponible,JUEVES,de 8:00 a 14:00hs,No aplica,"Frutihorticolas, pescadería, panadería, especies y legumbres, granja y carnes, fiambres y lácteos, limpieza",activo,F03,https://data.buenosaires.gob.ar/dataset/ferias-mercados,2026-06-10,https://data.buenosaires.gob.ar/dataset/ferias-mercados,alta,no,Coordenadas provistas por GeoJSON FIAB,nan,datos reales,datos reales
FIAB00050,Fiab 7,FIAB,UB5F1B,No disponible,MIERCOLES,de 8:00 a 14:00hs,No aplica,"Frutihorticolas, pescadería, especies y legumbres, granja y carne, fiambres y lácteos, limpieza",activo,F03,https://data.buenosaires.gob.ar/dataset/ferias-mercados,2026-06-10,https://data.buenosaires.gob.ar/dataset/ferias-mercados,alta,no,Coordenadas provistas por GeoJSON FIAB,nan,datos reales,datos reales
FIAB00051,Fiab 7,FIAB,UB5F1B,No disponible,SABADO,de 8:00 a 14:00hs,No aplica,"Frutihorticolas, pescadería, especies y legumbres, granja y carne, fiambres y lácteos, limpieza",activo,F03,https://data.buenosaires.gob.ar/dataset/ferias-mercados,2026-06-10,https://data.buenosaires.gob.ar/dataset/ferias-mercados,alta,no,Coordenadas provistas por GeoJSON FIAB,nan,datos reales,datos reales
FIAB00052,Fiab 11,FIAB,UA8AC6,No disponible,JUEVES,de 8:00 a 14:00hs,No aplica,"Frutihorticolas, pescadería, mascotas, especies y legumbres, granja y carnes, fiambres y lácteos",activo,F03,https://data.buenosaires.gob.ar/dataset/ferias-mercados,2026-06-10,https://data.buenosaires.gob.ar/dataset/ferias-mercados,alta,no,Coordenadas provistas por GeoJSON FIAB,nan,datos reales,datos reales
FIAB00053,Fiab 10,FIAB,U9CBBD,No disponible,VIERNES,de 8:00 a 14:00hs,No aplica,"Frutihorticolas, pescadería, especies y legumbres, granja y carnes, fiambres y lácteos",activo,F03,https://data.buenosaires.gob.ar/dataset/ferias-mercados,2026-06-10,https://data.buenosaires.gob.ar/dataset/ferias-mercados,alta,no,Coordenadas provistas por GeoJSON FIAB,nan,datos reales,datos reales
FIAB00054,Fiab 8,FIAB,U18F21,No disponible,JUEVES,de 8:00 a 14:00hs,No aplica,"Frutihorticolas, pescadería, mascotas, especies y legumbres, granja y carnes, fiambres y lácteos",activo,F03,https://data.buenosaires.gob.ar/dataset/ferias-mercados,2026-06-10,https://data.buenosaires.gob.ar/dataset/ferias-mercados,alta,no,Coordenadas provistas por GeoJSON FIAB,nan,datos reales,datos reales
FIAB00055,Fiab 1,FIAB,U74513,No disponible,MIERCOLES,de 8:00 a 14:00hs,No aplica,"Frutihorticolas, pescadería, panadería, especies y legumbres, granja y carnes, fiambres y lácteos, limpieza",activo,F03,https://data.buenosaires.gob.ar/dataset/ferias-mercados,2026-06-10,https://data.buenosaires.gob.ar/dataset/ferias-mercados,alta,no,Coordenadas provistas por GeoJSON FIAB,nan,datos reales,datos reales
FIAB00056,Fiab 8,FIAB,U31AA3,No disponible,VIERNES,de 8:00 a 14:00hs,No aplica,"Frutihorticolas, pescadería, mascotas, especies y legumbres, granja y carnes, fiambres y lácteos",activo,F03,https://data.buenosaires.gob.ar/dataset/ferias-mercados,2026-06-10,https://data.buenosaires.gob.ar/dataset/ferias-mercados,alta,no,Coordenadas provistas por GeoJSON FIAB,nan,datos reales,datos reales
FIAB00057,Fiab 10,FIAB,U13AFB,No disponible,MARTES,de 8:00 a 14:00hs,No aplica,"Frutihorticolas, pescadería, especies y legumbres, granja y carnes, fiambres y lácteos",activo,F03,https://data.buenosaires.gob.ar/dataset/ferias-mercados,2026-06-10,https://data.buenosaires.gob.ar/dataset/ferias-mercados,alta,no,Coordenadas provistas por GeoJSON FIAB,nan,datos reales,datos reales
FIAB00058,Fiab 4,FIAB,U28B79,No disponible,MIERCOLES,de 8:00 a 14:00hs,No aplica,"Frutihorticolas, pescadería, panadería, plantas, especies y legumbres, granja y carnes, fiambres y lácteos",activo,F03,https://data.buenosaires.gob.ar/dataset/ferias-mercados,2026-06-10,https://data.buenosaires.gob.ar/dataset/ferias-mercados,alta,no,Coordenadas provistas por GeoJSON FIAB,nan,datos reales,datos reales
FIAB00059,Fiab 6,FIAB,U4FEF1,No disponible,MIERCOLES,de 8:00 a 14:00hs,No aplica,"Frutihorticolas, pescadería, plantas, especies y legumbres, granja y carne, fiambres y lácteos, limpieza",activo,F03,https://data.buenosaires.gob.ar/dataset/ferias-mercados,2026-06-10,https://data.buenosaires.gob.ar/dataset/ferias-mercados,alta,no,Coordenadas provistas por GeoJSON FIAB,nan,datos reales,datos reales
FIAB00060,Fiab 1,FIAB,UD05FE,No disponible,MARTES,de 8:00 a 14:00hs,No aplica,"Frutihorticolas, pescadería, panadería, especies y legumbres, granja y carnes, fiambres y lácteos, limpieza",activo,F03,https://data.buenosaires.gob.ar/dataset/ferias-mercados,2026-06-10,https://data.buenosaires.gob.ar/dataset/ferias-mercados,alta,no,Coordenadas provistas por GeoJSON FIAB,nan,datos reales,datos reales
FIAB00061,Fiab 2,FIAB,UB5665,No disponible,VIERNES,de 8:00 a 14:00hs,No aplica,"Frutihorticolas, pescadería, plantas, especies y legumbres, granja y carnes, fiambres y lácteos",activo,F03,https://data.buenosaires.gob.ar/dataset/ferias-mercados,2026-06-10,https://data.buenosaires.gob.ar/dataset/ferias-mercados,alta,no,Coordenadas provistas por GeoJSON FIAB,nan,datos reales,datos reales
FIAB00062,Fiab 4,FIAB,U02D7E,No disponible,JUEVES,de 8:00 a 14:00hs,No aplica,"Frutihorticolas, pescadería, panadería, plantas, especies y legumbres, granja y carnes, fiambres y lácteos",activo,F03,https://data.buenosaires.gob.ar/dataset/ferias-mercados,2026-06-10,https://data.buenosaires.gob.ar/dataset/ferias-mercados,alta,no,Coordenadas provistas por GeoJSON FIAB,nan,datos reales,datos reales
FIAB00063,Fiab 4,FIAB,UDEDA4,No disponible,DOMINGO,de 8:00 a 14:00hs,No aplica,"Frutihorticolas, pescadería, panadería, plantas, especies y legumbres, granja y carnes, fiambres y lácteos",activo,F03,https://data.buenosaires.gob.ar/dataset/ferias-mercados,2026-06-10,https://data.buenosaires.gob.ar/dataset/ferias-mercados,alta,no,Coordenadas provistas por GeoJSON FIAB,nan,datos reales,datos reales
FIAB00064,Fiab 8,FIAB,U241D2,No disponible,MIERCOLES,de 8:00 a 14:00hs,No aplica,"Frutihorticolas, pescadería, mascotas, especies y legumbres, granja y carnes, fiambres y lácteos",activo,F03,https://data.buenosaires.gob.ar/dataset/ferias-mercados,2026-06-10,https://data.buenosaires.gob.ar/dataset/ferias-mercados,alta,no,Coordenadas provistas por GeoJSON FIAB,nan,datos reales,datos reales
FIAB00065,Fiab 3,FIAB,U7EEFD,No disponible,SABADO,de 8:00 a 14:00hs,No aplica,"Pescaderia, especies y legumbres, granja y carne, fiambre y lácteos, limpieza",activo,F03,https://data.buenosaires.gob.ar/dataset/ferias-mercados,2026-06-10,https://data.buenosaires.gob.ar/dataset/ferias-mercados,alta,no,Coordenadas provistas por GeoJSON FIAB,nan,datos reales,datos reales
FIAB00066,Fiab 9,FIAB,U69C28,No disponible,VIERNES,de 8:00 a 14:00hs,No aplica,"Frutihorticolas, pescadería, plantas, especies y legumbres, granja y carnes, fiambres y lácteos",activo,F03,https://data.buenosaires.gob.ar/dataset/ferias-mercados,2026-06-10,https://data.buenosaires.gob.ar/dataset/ferias-mercados,alta,no,Coordenadas provistas por GeoJSON FIAB,nan,datos reales,datos reales
FIAB00067,Fiab 2,FIAB,U793BE,No disponible,MIERCOLES,de 8:00 a 14:00hs,No aplica,"Frutihorticolas, pescadería, plantas, especies y legumbres, granja y carnes, fiambres y lácteos",activo,F03,https://data.buenosaires.gob.ar/dataset/ferias-mercados,2026-06-10,https://data.buenosaires.gob.ar/dataset/ferias-mercados,alta,no,Coordenadas provistas por GeoJSON FIAB,nan,datos reales,datos reales
FIAB00068,Fiab 6,FIAB,U08073,No disponible,SABADO,de 8:00 a 14:00hs,No aplica,"Frutihorticolas, pescadería, plantas, especies y legumbres, granja y carne, fiambres y lácteos, limpieza",activo,F03,https://data.buenosaires.gob.ar/dataset/ferias-mercados,2026-06-10,https://data.buenosaires.gob.ar/dataset/ferias-mercados,alta,no,Coordenadas provistas por GeoJSON FIAB,nan,datos reales,datos reales
FIAB00069,Fiab 10,FIAB,UBBF8E,No disponible,SABADO,de 8:00 a 14:00hs,No aplica,"Frutihorticolas, pescadería, especies y legumbres, granja y carnes, fiambres y lácteos",activo,F03,https://data.buenosaires.gob.ar/dataset/ferias-mercados,2026-06-10,https://data.buenosaires.gob.ar/dataset/ferias-mercados,alta,no,Coordenadas provistas por GeoJSON FIAB,nan,datos reales,datos reales
FIAB00070,Fiab 12,FIAB,U737A2,No disponible,JUEVES,de 8:00 a 14:00hs,No aplica,"Frutihorticolas, pescadería, panadería, plantas, especies y legumbres, granja y carnes, fiambres y lácteos, limpieza",activo,F03,https://data.buenosaires.gob.ar/dataset/ferias-mercados,2026-06-10,https://data.buenosaires.gob.ar/dataset/ferias-mercados,alta,no,Coordenadas provistas por GeoJSON FIAB,nan,datos reales,datos reales
FIAB00071,Fiab 8,FIAB,U8AB7C,No disponible,MARTES,de 8:00 a 14:00hs,No aplica,"Frutihorticolas, pescadería, mascotas, especies y legumbres, granja y carnes, fiambres y lácteos",activo,F03,https://data.buenosaires.gob.ar/dataset/ferias-mercados,2026-06-10,https://data.buenosaires.gob.ar/dataset/ferias-mercados,alta,no,Coordenadas provistas por GeoJSON FIAB,nan,datos reales,datos reales
FIAB00072,Fiab 10,FIAB,U228AF,No disponible,MIERCOLES,de 8:00 a 14:00hs,No aplica,"Frutihorticolas, pescadería, especies y legumbres, granja y carnes, fiambres y lácteos",activo,F03,https://data.buenosaires.gob.ar/dataset/ferias-mercados,2026-06-10,https://data.buenosaires.gob.ar/dataset/ferias-mercados,alta,no,Coordenadas provistas por GeoJSON FIAB,nan,datos reales,datos reales
FIAB00073,Fiab 1,FIAB,U1950F,No disponible,SABADO,de 8:00 a 14:00hs,No aplica,"Frutihorticolas, pescadería, panadería, especies y legumbres, granja y carnes, fiambres y lácteos, limpieza",activo,F03,https://data.buenosaires.gob.ar/dataset/ferias-mercados,2026-06-10,https://data.buenosaires.gob.ar/dataset/ferias-mercados,alta,no,Coordenadas provistas por GeoJSON FIAB,nan,datos reales,datos reales
FIAB00074,Fiab 3,FIAB,UE98A7,No disponible,MIERCOLES,de 8:00 a 14:00hs,No aplica,"Pescaderia, especies y legumbres, granja y carne, fiambre y lácteos, limpieza",activo,F03,https://data.buenosaires.gob.ar/dataset/ferias-mercados,2026-06-10,https://data.buenosaires.gob.ar/dataset/ferias-mercados,alta,no,Coordenadas provistas por GeoJSON FIAB,nan,datos reales,datos reales
FIAB00075,Fiab 6,FIAB,U4E949,No disponible,JUEVES,de 8:00 a 14:00hs,No aplica,"Frutihorticolas, pescadería, plantas, especies y legumbres, granja y carne, fiambres y lácteos, limpieza",activo,F03,https://data.buenosaires.gob.ar/dataset/ferias-mercados,2026-06-10,https://data.buenosaires.gob.ar/dataset/ferias-mercados,alta,no,Coordenadas provistas por GeoJSON FIAB,nan,datos reales,datos reales
FIAB00076,Fiab 6,FIAB,UD7F5F,No disponible,VIERNES,de 8:00 a 14:00hs,No aplica,"Frutihorticolas, pescadería, plantas, especies y legumbres, granja y carne, fiambres y lácteos, limpieza",activo,F03,https://data.buenosaires.gob.ar/dataset/ferias-mercados,2026-06-10,https://data.buenosaires.gob.ar/dataset/ferias-mercados,alta,no,Coordenadas provistas por GeoJSON FIAB,nan,datos reales,datos reales
FIAB00077,Fiab 6,FIAB,UA5EBC,No disponible,DOMINGO,de 8:00 a 14:00hs,No aplica,"Frutihorticolas, pescadería, plantas, especies y legumbres, granja y carne, fiambres y lácteos, limpieza",activo,F03,https://data.buenosaires.gob.ar/dataset/ferias-mercados,2026-06-10,https://data.buenosaires.gob.ar/dataset/ferias-mercados,alta,no,Coordenadas provistas por GeoJSON FIAB,nan,datos reales,datos reales
FIAB00078,Fiab 9,FIAB,U3CD0E,No disponible,MARTES,de 8:00 a 14:00hs,No aplica,"Frutihorticolas, pescadería, plantas, especies y legumbres, granja y carnes, fiambres y lácteos",activo,F03,https://data.buenosaires.gob.ar/dataset/ferias-mercados,2026-06-10,https://data.buenosaires.gob.ar/dataset/ferias-mercados,alta,no,Coordenadas provistas por GeoJSON FIAB,nan,datos reales,datos reales
FIAB00079,Fiab 5,FIAB,U70432,No disponible,JUEVES,de 8:00 a 14:00hs,No aplica,"Frutihorticolas, pescadería, panadería, especies y legumbres, granja y carnes, fiambres y lácteos",activo,F03,https://data.buenosaires.gob.ar/dataset/ferias-mercados,2026-06-10,https://data.buenosaires.gob.ar/dataset/ferias-mercados,alta,no,Coordenadas provistas por GeoJSON FIAB,nan,datos reales,datos reales
FIAB00080,Fiab 9,FIAB,U3166A,No disponible,MIERCOLES,de 8:00 a 14:00hs,No aplica,"Frutihorticolas, pescadería, plantas, especies y legumbres, granja y carnes, fiambres y lácteos",activo,F03,https://data.buenosaires.gob.ar/dataset/ferias-mercados,2026-06-10,https://data.buenosaires.gob.ar/dataset/ferias-mercados,alta,no,Coordenadas provistas por GeoJSON FIAB,nan,datos reales,datos reales
FIAB00081,Fiab 9,FIAB,U2A642,No disponible,JUEVES,de 8:00 a 14:00hs,No aplica,"Frutihorticolas, pescadería, plantas, especies y legumbres, granja y carnes, fiambres y lácteos",activo,F03,https://data.buenosaires.gob.ar/dataset/ferias-mercados,2026-06-10,https://data.buenosaires.gob.ar/dataset/ferias-mercados,alta,no,Coordenadas provistas por GeoJSON FIAB,nan,datos reales,datos reales
FIAB00082,Fiab 1,FIAB,U1244E,No disponible,VIERNES,de 8:00 a 14:00hs,No aplica,"Frutihorticolas, pescadería, panadería, especies y legumbres, granja y carnes, fiambres y lácteos, limpieza",activo,F03,https://data.buenosaires.gob.ar/dataset/ferias-mercados,2026-06-10,https://data.buenosaires.gob.ar/dataset/ferias-mercados,alta,no,Coordenadas provistas por GeoJSON FIAB,nan,datos reales,datos reales
FIAB00083,Fiab 11,FIAB,UC26B8,No disponible,SABADO,de 8:00 a 14:00hs,No aplica,"Frutihorticolas, pescadería, mascotas, especies y legumbres, granja y carnes, fiambres y lácteos",activo,F03,https://data.buenosaires.gob.ar/dataset/ferias-mercados,2026-06-10,https://data.buenosaires.gob.ar/dataset/ferias-mercados,alta,no,Coordenadas provistas por GeoJSON FIAB,nan,datos reales,datos reales
FIAB00084,Fiab 13,FIAB,UF6C89,No disponible,MIERCOLES,de 8:00 a 14:00hs,No aplica,Productos Organicos,activo,F03,https://data.buenosaires.gob.ar/dataset/ferias-mercados,2026-06-10,https://data.buenosaires.gob.ar/dataset/ferias-mercados,alta,no,Coordenadas provistas por GeoJSON FIAB,nan,datos reales,datos reales
FIAB00085,Fiab 3,FIAB,U7EEFD,No disponible,JUEVES,de 8:00 a 14:00hs,No aplica,"Pescaderia, especies y legumbres, granja y carne, fiambre y lácteos, limpieza",activo,F03,https://data.buenosaires.gob.ar/dataset/ferias-mercados,2026-06-10,https://data.buenosaires.gob.ar/dataset/ferias-mercados,alta,no,Coordenadas provistas por GeoJSON FIAB,nan,datos reales,datos reales
FIAB00086,Fiab 7,FIAB,U0231E,No disponible,VIERNES,de 8:00 a 14:00hs,No aplica,"Frutihorticolas, pescadería, especies y legumbres, granja y carne, fiambres y lácteos, limpieza",activo,F03,https://data.buenosaires.gob.ar/dataset/ferias-mercados,2026-06-10,https://data.buenosaires.gob.ar/dataset/ferias-mercados,alta,no,Coordenadas provistas por GeoJSON FIAB,nan,datos reales,datos reales
FIAB00087,Fiab 7,FIAB,U6814A,No disponible,MARTES,de 8:00 a 14:00hs,No aplica,"Frutihorticolas, pescadería, especies y legumbres, granja y carne, fiambres y lácteos, limpieza",activo,F03,https://data.buenosaires.gob.ar/dataset/ferias-mercados,2026-06-10,https://data.buenosaires.gob.ar/dataset/ferias-mercados,alta,no,Coordenadas provistas por GeoJSON FIAB,nan,datos reales,datos reales
FIAB00088,Fiab 7,FIAB,U45555,No disponible,JUEVES,de 8:00 a 14:00hs,No aplica,"Frutihorticolas, pescadería, especies y legumbres, granja y carne, fiambres y lácteos, limpieza",activo,F03,https://data.buenosaires.gob.ar/dataset/ferias-mercados,2026-06-10,https://data.buenosaires.gob.ar/dataset/ferias-mercados,alta,no,Coordenadas provistas por GeoJSON FIAB,nan,datos reales,datos reales
FIAB00089,Fiab 12,FIAB,U0743E,No disponible,VIERNES,de 8:00 a 14:00hs,No aplica,"Frutihorticolas, pescadería, panadería, plantas, especies y legumbres, granja y carnes, fiambres y lácteos, limpieza",activo,F03,https://data.buenosaires.gob.ar/dataset/ferias-mercados,2026-06-10,https://data.buenosaires.gob.ar/dataset/ferias-mercados,alta,no,Coordenadas provistas por GeoJSON FIAB,nan,datos reales,datos reales
FIAB00090,Fiab 9,FIAB,U777EF,No disponible,SABADO,de 8:00 a 14:00hs,No aplica,"Frutihorticolas, pescadería, plantas, especies y legumbres, granja y carnes, fiambres y lácteos",activo,F03,https://data.buenosaires.gob.ar/dataset/ferias-mercados,2026-06-10,https://data.buenosaires.gob.ar/dataset/ferias-mercados,alta,no,Coordenadas provistas por GeoJSON FIAB,nan,datos reales,datos reales
FIAB00091,Fiab 9,FIAB,U732EC,No disponible,DOMINGO,de 8:00 a 14:00hs,No aplica,"Frutihorticolas, pescadería, plantas, especies y legumbres, granja y carnes, fiambres y lácteos",activo,F03,https://data.buenosaires.gob.ar/dataset/ferias-mercados,2026-06-10,https://data.buenosaires.gob.ar/dataset/ferias-mercados,alta,no,Coordenadas provistas por GeoJSON FIAB,nan,datos reales,datos reales
FIAB00092,Fiab 11,FIAB,U52C08,No disponible,MIERCOLES,de 8:00 a 14:00hs,No aplica,"Frutihorticolas, pescadería, mascotas, especies y legumbres, granja y carnes, fiambres y lácteos",activo,F03,https://data.buenosaires.gob.ar/dataset/ferias-mercados,2026-06-10,https://data.buenosaires.gob.ar/dataset/ferias-mercados,alta,no,Coordenadas provistas por GeoJSON FIAB,nan,datos reales,datos reales
FIAB00093,Fiab 4,FIAB,UBCE22,No disponible,SABADO,de 8:00 a 14:00hs,No aplica,"Frutihorticolas, pescadería, panadería, plantas, especies y legumbres, granja y carnes, fiambres y lácteos",activo,F03,https://data.buenosaires.gob.ar/dataset/ferias-mercados,2026-06-10,https://data.buenosaires.gob.ar/dataset/ferias-mercados,alta,no,Coordenadas provistas por GeoJSON FIAB,nan,datos reales,datos reales
FIAB00094,Fiab 3,FIAB,U1F0A8,No disponible,MARTES,de 8:00 a 14:00hs,No aplica,"Pescaderia, especies y legumbres, granja y carne, fiambre y lácteos, limpieza",activo,F03,https://data.buenosaires.gob.ar/dataset/ferias-mercados,2026-06-10,https://data.buenosaires.gob.ar/dataset/ferias-mercados,alta,no,Coordenadas provistas por GeoJSON FIAB,nan,datos reales,datos reales
FIAB00095,Fiab 3,FIAB,U1EEAE,No disponible,VIERNES,de 8:00 a 14:00hs,No aplica,"Pescaderia, especies y legumbres, granja y carne, fiambre y lácteos, limpieza",activo,F03,https://data.buenosaires.gob.ar/dataset/ferias-mercados,2026-06-10,https://data.buenosaires.gob.ar/dataset/ferias-mercados,alta,no,Coordenadas provistas por GeoJSON FIAB,nan,datos reales,datos reales
FIAB00096,Fiab 8,FIAB,U461D5,No disponible,SABADO,de 8:00 a 14:00hs,No aplica,"Frutihorticolas, pescadería, mascotas, especies y legumbres, granja y carnes, fiambres y lácteos",activo,F03,https://data.buenosaires.gob.ar/dataset/ferias-mercados,2026-06-10,https://data.buenosaires.gob.ar/dataset/ferias-mercados,alta,no,Coordenadas provistas por GeoJSON FIAB,nan,datos reales,datos reales
FIAB00097,Fiab 2,FIAB,UF5D65,No disponible,SABADO,de 8:00 a 14:00hs,No aplica,"Frutihorticolas, pescadería, plantas, especies y legumbres, granja y carnes, fiambres y lácteos",activo,F03,https://data.buenosaires.gob.ar/dataset/ferias-mercados,2026-06-10,https://data.buenosaires.gob.ar/dataset/ferias-mercados,alta,no,Coordenadas provistas por GeoJSON FIAB,nan,datos reales,datos reales
FIAB00098,Fiab 8,FIAB,UE21E3,No disponible,DOMINGO,de 8:00 a 14:00hs,No aplica,"Frutihorticolas, pescadería, mascotas, especies y legumbres, granja y carnes, fiambres y lácteos",activo,F03,https://data.buenosaires.gob.ar/dataset/ferias-mercados,2026-06-10,https://data.buenosaires.gob.ar/dataset/ferias-mercados,alta,no,Coordenadas provistas por GeoJSON FIAB,nan,datos reales,datos reales
FIAB00099,Fiab 2,FIAB,U4C690,No disponible,JUEVES,de 8:00 a 14:00hs,No aplica,"Frutihorticolas, pescadería, plantas, especies y legumbres, granja y carnes, fiambres y lácteos",activo,F03,https://data.buenosaires.gob.ar/dataset/ferias-mercados,2026-06-10,https://data.buenosaires.gob.ar/dataset/ferias-mercados,alta,no,Coordenadas provistas por GeoJSON FIAB,nan,datos reales,datos reales
FIAB00100,Fiab 14,FIAB,U74EA5,No disponible,MARTES,de 8:00 a 14:00hs,No aplica,"Frutihorticolas, pescadería, panadería, especies y legumbres, granja y carnes, fiambres y lácteos",activo,F03,https://data.buenosaires.gob.ar/dataset/ferias-mercados,2026-06-10,https://data.buenosaires.gob.ar/dataset/ferias-mercados,alta,no,Coordenadas provistas por GeoJSON FIAB,nan,datos reales,datos reales
FIAB00101,Fiab 14,FIAB,U3B08A,No disponible,MIERCOLES,de 8:00 a 14:00hs,No aplica,"Frutihorticolas, pescadería, panadería, especies y legumbres, granja y carnes, fiambres y lácteos",activo,F03,https://data.buenosaires.gob.ar/dataset/ferias-mercados,2026-06-10,https://data.buenosaires.gob.ar/dataset/ferias-mercados,alta,no,Coordenadas provistas por GeoJSON FIAB,nan,datos reales,datos reales
FIAB00102,Fiab 14,FIAB,U539E5,No disponible,JUEVES,de 8:00 a 14:00hs,No aplica,"Frutihorticolas, pescadería, panadería, especies y legumbres, granja y carnes, fiambres y lácteos",activo,F03,https://data.buenosaires.gob.ar/dataset/ferias-mercados,2026-06-10,https://data.buenosaires.gob.ar/dataset/ferias-mercados,alta,no,Coordenadas provistas por GeoJSON FIAB,nan,datos reales,datos reales
FIAB00103,Fiab 14,FIAB,U96E45,No disponible,VIERNES,de 8:00 a 14:00hs,No aplica,"Frutihorticolas, pescadería, panadería, especies y legumbres, granja y carnes, fiambres y lácteos",activo,F03,https://data.buenosaires.gob.ar/dataset/ferias-mercados,2026-06-10,https://data.buenosaires.gob.ar/dataset/ferias-mercados,alta,no,Coordenadas provistas por GeoJSON FIAB,nan,datos reales,datos reales
FIAB00104,Fiab 14,FIAB,U24602,No disponible,SABADO,de 8:00 a 14:00hs,No aplica,"Frutihorticolas, pescadería, panadería, especies y legumbres, granja y carnes, fiambres y lácteos",activo,F03,https://data.buenosaires.gob.ar/dataset/ferias-mercados,2026-06-10,https://data.buenosaires.gob.ar/dataset/ferias-mercados,alta,no,Coordenadas provistas por GeoJSON FIAB,nan,datos reales,datos reales
FIAB00105,Fiab 14,FIAB,U539E5,No disponible,DOMINGO,de 8:00 a 14:00hs,No aplica,"Frutihorticolas, pescadería, panadería, especies y legumbres, granja y carnes, fiambres y lácteos",activo,F03,https://data.buenosaires.gob.ar/dataset/ferias-mercados,2026-06-10,https://data.buenosaires.gob.ar/dataset/ferias-mercados,alta,no,Coordenadas provistas por GeoJSON FIAB,nan,datos reales,datos reales
FIAB00106,Fiab 15,FIAB,U38CE5,No disponible,MARTES,de 8:00 a 14:00hs,No aplica,"Frutihorticolas, pescadería, panadería, mascotas, especies y legumbres, granja y carnes, fiambres y lácteos, limpieza",activo,F03,https://data.buenosaires.gob.ar/dataset/ferias-mercados,2026-06-10,https://data.buenosaires.gob.ar/dataset/ferias-mercados,alta,no,Coordenadas provistas por GeoJSON FIAB,nan,datos reales,datos reales
FIAB00107,Fiab 15,FIAB,U32C17,No disponible,MIERCOLES,de 8:00 a 14:00hs,No aplica,"Frutihorticolas, pescadería, panadería, mascotas, especies y legumbres, granja y carnes, fiambres y lácteos, limpieza",activo,F03,https://data.buenosaires.gob.ar/dataset/ferias-mercados,2026-06-10,https://data.buenosaires.gob.ar/dataset/ferias-mercados,alta,no,Coordenadas provistas por GeoJSON FIAB,nan,datos reales,datos reales
FIAB00108,Fiab 15,FIAB,UF66FC,No disponible,JUEVES,de 8:00 a 14:00hs,No aplica,"Frutihorticolas, pescadería, panadería, mascotas, especies y legumbres, granja y carnes, fiambres y lácteos, limpieza",activo,F03,https://data.buenosaires.gob.ar/dataset/ferias-mercados,2026-06-10,https://data.buenosaires.gob.ar/dataset/ferias-mercados,alta,no,Coordenadas provistas por GeoJSON FIAB,nan,datos reales,datos reales
FIAB00109,Fiab 15,FIAB,U2692A,No disponible,VIERNES,de 8:00 a 14:00hs,No aplica,"Frutihorticolas, pescadería, panadería, mascotas, especies y legumbres, granja y carnes, fiambres y lácteos, limpieza",activo,F03,https://data.buenosaires.gob.ar/dataset/ferias-mercados,2026-06-10,https://data.buenosaires.gob.ar/dataset/ferias-mercados,alta,no,Coordenadas provistas por GeoJSON FIAB,nan,datos reales,datos reales
FIAB00110,Fiab 15,FIAB,U34806,No disponible,SABADO,de 8:00 a 14:00hs,No aplica,"Frutihorticolas, pescadería, panadería, mascotas, especies y legumbres, granja y carnes, fiambres y lácteos, limpieza",activo,F03,https://data.buenosaires.gob.ar/dataset/ferias-mercados,2026-06-10,https://data.buenosaires.gob.ar/dataset/ferias-mercados,alta,no,Coordenadas provistas por GeoJSON FIAB,nan,datos reales,datos reales
FIAB00111,Fiab 15,FIAB,U58E5E,No disponible,DOMINGO,de 8:00 a 14:00hs,No aplica,"Frutihorticolas, pescadería, panadería, mascotas, especies y legumbres, granja y carnes, fiambres y lácteos, limpieza",activo,F03,https://data.buenosaires.gob.ar/dataset/ferias-mercados,2026-06-10,https://data.buenosaires.gob.ar/dataset/ferias-mercados,alta,no,Coordenadas provistas por GeoJSON FIAB,nan,datos reales,datos reales
FIAB00112,Fiab 16,FIAB,U7FDEE,No disponible,DOMINGO,de 8:00 a 14:00hs,No aplica,"Frutihorticolas, granja y carnes",activo,F03,https://data.buenosaires.gob.ar/dataset/ferias-mercados,2026-06-10,https://data.buenosaires.gob.ar/dataset/ferias-mercados,alta,no,Coordenadas provistas por GeoJSON FIAB,nan,datos reales,datos reales
FIAB00113,Fiab 11,FIAB,U350C6,No disponible,MARTES,de 8:00 a 14:00hs,No aplica,"Frutihorticolas, pescadería, mascotas, especies y legumbres, granja y carnes, fiambres y lácteos",activo,F03,https://data.buenosaires.gob.ar/dataset/ferias-mercados,2026-06-10,https://data.buenosaires.gob.ar/dataset/ferias-mercados,alta,no,Coordenadas provistas por GeoJSON FIAB,nan,datos reales,datos reales
FIAB00114,Fiab 17,FIAB,U6D608,No disponible,VIERNES,de 8:00 a 14:00hs,No aplica,"Frutihorticolas, pescadería, especies y legumbres, granja y carnes, fiambres y lácteos, limpieza",activo,F03,https://data.buenosaires.gob.ar/dataset/ferias-mercados,2026-06-10,https://data.buenosaires.gob.ar/dataset/ferias-mercados,alta,no,Coordenadas provistas por GeoJSON FIAB,nan,datos reales,datos reales
FIAB00115,Fiab 17,FIAB,U56D79,No disponible,MARTES,de 8:00 a 14:00hs,No aplica,"Frutihorticolas, pescadería, especies y legumbres, granja y carnes, fiambres y lácteos, limpieza",activo,F03,https://data.buenosaires.gob.ar/dataset/ferias-mercados,2026-06-10,https://data.buenosaires.gob.ar/dataset/ferias-mercados,alta,no,Coordenadas provistas por GeoJSON FIAB,nan,datos reales,datos reales
FIAB00116,Fiab 17,FIAB,U44BEA,No disponible,MIERCOLES,de 8:00 a 14:00hs,No aplica,"Frutihorticolas, pescadería, especies y legumbres, granja y carnes, fiambres y lácteos, limpieza",activo,F03,https://data.buenosaires.gob.ar/dataset/ferias-mercados,2026-06-10,https://data.buenosaires.gob.ar/dataset/ferias-mercados,alta,no,Coordenadas provistas por GeoJSON FIAB,nan,datos reales,datos reales
FIAB00117,Fiab 17,FIAB,U87EDE,No disponible,JUEVES,de 8:00 a 14:00hs,No aplica,"Frutihorticolas, pescadería, especies y legumbres, granja y carnes, fiambres y lácteos, limpieza",activo,F03,https://data.buenosaires.gob.ar/dataset/ferias-mercados,2026-06-10,https://data.buenosaires.gob.ar/dataset/ferias-mercados,alta,no,Coordenadas provistas por GeoJSON FIAB,nan,datos reales,datos reales
FIAB00118,Fiab 17,FIAB,U841BD,No disponible,SABADO,de 8:00 a 14:00hs,No aplica,"Frutihorticolas, pescadería, especies y legumbres, granja y carnes, fiambres y lácteos, limpieza",activo,F03,https://data.buenosaires.gob.ar/dataset/ferias-mercados,2026-06-10,https://data.buenosaires.gob.ar/dataset/ferias-mercados,alta,no,Coordenadas provistas por GeoJSON FIAB,nan,datos reales,datos reales
FIAB00119,Fiab 17,FIAB,U6D608,No disponible,DOMINGO,de 8:00 a 14:00hs,No aplica,"Frutihorticolas, pescadería, especies y legumbres, granja y carnes, fiambres y lácteos, limpieza",activo,F03,https://data.buenosaires.gob.ar/dataset/ferias-mercados,2026-06-10,https://data.buenosaires.gob.ar/dataset/ferias-mercados,alta,no,Coordenadas provistas por GeoJSON FIAB,nan,datos reales,datos reales
FIAB00120,Fiab 18,FIAB,U58D4D,No disponible,MARTES,de 8:00 a 14:00hs,No aplica,"Frutihorticolas, pescadería, panadería, especies y legumbres, granja y carnes, fiambres y lácteos",activo,F03,https://data.buenosaires.gob.ar/dataset/ferias-mercados,2026-06-10,https://data.buenosaires.gob.ar/dataset/ferias-mercados,alta,no,Coordenadas provistas por GeoJSON FIAB,nan,datos reales,datos reales
FIAB00121,Fiab 18,FIAB,UF754E,No disponible,MIERCOLES,de 8:00 a 14:00hs,No aplica,"Frutihorticolas, pescadería, panadería, especies y legumbres, granja y carnes, fiambres y lácteos",activo,F03,https://data.buenosaires.gob.ar/dataset/ferias-mercados,2026-06-10,https://data.buenosaires.gob.ar/dataset/ferias-mercados,alta,no,Coordenadas provistas por GeoJSON FIAB,nan,datos reales,datos reales
FIAB00122,Fiab 18,FIAB,U68AA3,No disponible,JUEVES,de 8:00 a 14:00hs,No aplica,"Frutihorticolas, pescadería, panadería, especies y legumbres, granja y carnes, fiambres y lácteos",activo,F03,https://data.buenosaires.gob.ar/dataset/ferias-mercados,2026-06-10,https://data.buenosaires.gob.ar/dataset/ferias-mercados,alta,no,Coordenadas provistas por GeoJSON FIAB,nan,datos reales,datos reales
FIAB00123,Fiab 18,FIAB,U43030,No disponible,VIERNES,de 8:00 a 14:00hs,No aplica,"Frutihorticolas, pescadería, panadería, especies y legumbres, granja y carnes, fiambres y lácteos",activo,F03,https://data.buenosaires.gob.ar/dataset/ferias-mercados,2026-06-10,https://data.buenosaires.gob.ar/dataset/ferias-mercados,alta,no,Coordenadas provistas por GeoJSON FIAB,nan,datos reales,datos reales
FIAB00124,Fiab 18,FIAB,UE1D30,No disponible,SABADO,de 8:00 a 14hs,No aplica,"Frutihorticolas, pescadería, panadería, especies y legumbres, granja y carnes, fiambres y lácteos",activo,F03,https://data.buenosaires.gob.ar/dataset/ferias-mercados,2026-06-10,https://data.buenosaires.gob.ar/dataset/ferias-mercados,alta,no,Coordenadas provistas por GeoJSON FIAB,nan,datos reales,datos reales
FIAB00125,Fiab 18,FIAB,U9DDE8,No disponible,DOMINGO,de 8:00 a 14:00hs,No aplica,"Frutihorticolas, pescadería, panadería, especies y legumbres, granja y carnes, fiambres y lácteos",activo,F03,https://data.buenosaires.gob.ar/dataset/ferias-mercados,2026-06-10,https://data.buenosaires.gob.ar/dataset/ferias-mercados,alta,no,Coordenadas provistas por GeoJSON FIAB,nan,datos reales,datos reales
FIAB00126,Fiab 19,FIAB,UE1C49,No disponible,MIERCOLES,de 8:00 a 14:00hs,No aplica,"Frutihorticolas, especies y legumbres, granja y carnes, fiambres y lácteos, limpieza",activo,F03,https://data.buenosaires.gob.ar/dataset/ferias-mercados,2026-06-10,https://data.buenosaires.gob.ar/dataset/ferias-mercados,alta,no,Coordenadas provistas por GeoJSON FIAB,nan,datos reales,datos reales
FIAB00127,Fiab 19,FIAB,U44491,No disponible,JUEVES,de 8:00 a 14:00hs,No aplica,"Frutihorticolas, especies y legumbres, granja y carnes, fiambres y lácteos, limpieza",activo,F03,https://data.buenosaires.gob.ar/dataset/ferias-mercados,2026-06-10,https://data.buenosaires.gob.ar/dataset/ferias-mercados,alta,no,Coordenadas provistas por GeoJSON FIAB,nan,datos reales,datos reales
FIAB00128,Fiab 19,FIAB,UE1659,No disponible,VIERNES,de 8:00 a 14:00hs,No aplica,"Frutihorticolas, especies y legumbres, granja y carnes, fiambres y lácteos, limpieza",activo,F03,https://data.buenosaires.gob.ar/dataset/ferias-mercados,2026-06-10,https://data.buenosaires.gob.ar/dataset/ferias-mercados,alta,no,Coordenadas provistas por GeoJSON FIAB,nan,datos reales,datos reales
FIAB00129,Fiab 19,FIAB,UE1C49,No disponible,SABADO,de 8:00 a 14:00hs,No aplica,"Frutihorticolas, especies y legumbres, granja y carnes, fiambres y lácteos, limpieza",activo,F03,https://data.buenosaires.gob.ar/dataset/ferias-mercados,2026-06-10,https://data.buenosaires.gob.ar/dataset/ferias-mercados,alta,no,Coordenadas provistas por GeoJSON FIAB,nan,datos reales,datos reales
FIAB00130,Fiab 19,FIAB,U44491,No disponible,DOMINGO,de 8:00 a 14:00hs,No aplica,"Frutihorticolas, especies y legumbres, granja y carnes, fiambres y lácteos, limpieza",activo,F03,https://data.buenosaires.gob.ar/dataset/ferias-mercados,2026-06-10,https://data.buenosaires.gob.ar/dataset/ferias-mercados,alta,no,Coordenadas provistas por GeoJSON FIAB,nan,datos reales,datos reales
FIAB00131,Fiab 20,FIAB,UE315C,No disponible,MARTES,de 8:00 a 14:00hs,No aplica,"Frutihorticolas, pescadería, especies y legumbres, granja y carnes, fiambres y lácteos",activo,F03,https://data.buenosaires.gob.ar/dataset/ferias-mercados,2026-06-10,https://data.buenosaires.gob.ar/dataset/ferias-mercados,alta,no,Coordenadas provistas por GeoJSON FIAB,nan,datos reales,datos reales
FIAB00132,Fiab 20,FIAB,U00331,No disponible,MIERCOLES,de 8:00 a 14:00hs,No aplica,"Frutihorticolas, pescadería, especies y legumbres, granja y carnes, fiambres y lácteos",activo,F03,https://data.buenosaires.gob.ar/dataset/ferias-mercados,2026-06-10,https://data.buenosaires.gob.ar/dataset/ferias-mercados,alta,no,Coordenadas provistas por GeoJSON FIAB,nan,datos reales,datos reales
FIAB00133,Fiab 20,FIAB,UD1D48,No disponible,JUEVES,de 8:00 a 14:00hs,No aplica,"Frutihorticolas, pescadería, especies y legumbres, granja y carnes, fiambres y lácteos",activo,F03,https://data.buenosaires.gob.ar/dataset/ferias-mercados,2026-06-10,https://data.buenosaires.gob.ar/dataset/ferias-mercados,alta,no,Coordenadas provistas por GeoJSON FIAB,nan,datos reales,datos reales
FIAB00134,Fiab 20,FIAB,UFC5BE,No disponible,VIERNES,de 8:00 a 14:00hs,No aplica,"Frutihorticolas, pescadería, especies y legumbres, granja y carnes, fiambres y lácteos",activo,F03,https://data.buenosaires.gob.ar/dataset/ferias-mercados,2026-06-10,https://data.buenosaires.gob.ar/dataset/ferias-mercados,alta,no,Coordenadas provistas por GeoJSON FIAB,nan,datos reales,datos reales
FIAB00135,Fiab 20,FIAB,UE2DC6,No disponible,SABADO,de 8:00 a 14:00hs,No aplica,"Frutihorticolas, pescadería, especies y legumbres, granja y carnes, fiambres y lácteos",activo,F03,https://data.buenosaires.gob.ar/dataset/ferias-mercados,2026-06-10,https://data.buenosaires.gob.ar/dataset/ferias-mercados,alta,no,Coordenadas provistas por GeoJSON FIAB,nan,datos reales,datos reales
FIAB00136,Fiab 20,FIAB,UC62C3,No disponible,DOMINGO,de 8:00 a 14:00hs,No aplica,"Frutihorticolas, pescadería, especies y legumbres, granja y carnes, fiambres y lácteos",activo,F03,https://data.buenosaires.gob.ar/dataset/ferias-mercados,2026-06-10,https://data.buenosaires.gob.ar/dataset/ferias-mercados,alta,no,Coordenadas provistas por GeoJSON FIAB,nan,datos reales,datos reales
FIAB00137,Fiab 21,FIAB,U044B3,No disponible,MARTES,de 8:00 a 14:00hs,No aplica,"Frutihorticolas, pescadería, especies y legumbres, granja y carnes, fiambre y lácteos",activo,F03,https://data.buenosaires.gob.ar/dataset/ferias-mercados,2026-06-10,https://data.buenosaires.gob.ar/dataset/ferias-mercados,alta,no,Coordenadas provistas por GeoJSON FIAB,nan,datos reales,datos reales
FIAB00138,Fiab 21,FIAB,UFCFC1,No disponible,JUEVES,de 8:00 a 14:00hs,No aplica,"Frutihorticolas, pescadería, especies y legumbres, granja y carnes, fiambre y lácteos",activo,F03,https://data.buenosaires.gob.ar/dataset/ferias-mercados,2026-06-10,https://data.buenosaires.gob.ar/dataset/ferias-mercados,alta,no,Coordenadas provistas por GeoJSON FIAB,nan,datos reales,datos reales
FIAB00139,Fiab 21,FIAB,UB3E71,No disponible,VIERNES,de 8:00 a 14:00hs,No aplica,"Frutihorticolas, pescadería, especies y legumbres, granja y carnes, fiambre y lácteos",activo,F03,https://data.buenosaires.gob.ar/dataset/ferias-mercados,2026-06-10,https://data.buenosaires.gob.ar/dataset/ferias-mercados,alta,no,Coordenadas provistas por GeoJSON FIAB,nan,datos reales,datos reales
FIAB00140,Fiab 21,FIAB,U6999D,No disponible,SABADO,de 8:00 a 14:00hs,No aplica,"Frutihorticolas, pescadería, especies y legumbres, granja y carnes, fiambre y lácteos",activo,F03,https://data.buenosaires.gob.ar/dataset/ferias-mercados,2026-06-10,https://data.buenosaires.gob.ar/dataset/ferias-mercados,alta,no,Coordenadas provistas por GeoJSON FIAB,nan,datos reales,datos reales
FIAB00141,Fiab 21,FIAB,U89530,No disponible,DOMINGO,de 8:00 a 14:00hs,No aplica,"Frutihorticolas, pescadería, especies y legumbres, granja y carnes, fiambre y lácteos",activo,F03,https://data.buenosaires.gob.ar/dataset/ferias-mercados,2026-06-10,https://data.buenosaires.gob.ar/dataset/ferias-mercados,alta,no,Coordenadas provistas por GeoJSON FIAB,nan,datos reales,datos reales
FIAB00142,Fiab 23,FIAB,U1066E,No disponible,MIERCOLES,de 8:00 a 14:00hs,No aplica,"Frutihorticolas, pescadería, panadería, especies y legumbres, granja y carnes, fiambres y lácteos",activo,F03,https://data.buenosaires.gob.ar/dataset/ferias-mercados,2026-06-10,https://data.buenosaires.gob.ar/dataset/ferias-mercados,alta,no,Coordenadas provistas por GeoJSON FIAB,nan,datos reales,datos reales
FIAB00143,Fiab 23,FIAB,U076CE,No disponible,JUEVES,de 8:00 a 14:00hs,No aplica,"Frutihorticolas, pescadería, panadería, especies y legumbres, granja y carnes, fiambres y lácteos",activo,F03,https://data.buenosaires.gob.ar/dataset/ferias-mercados,2026-06-10,https://data.buenosaires.gob.ar/dataset/ferias-mercados,alta,no,Coordenadas provistas por GeoJSON FIAB,nan,datos reales,datos reales
FIAB00144,Fiab 23,FIAB,UE9544,No disponible,VIERNES,de 8:00 a 14:00hs,No aplica,"Frutihorticolas, pescadería, panadería, especies y legumbres, granja y carnes, fiambres y lácteos",activo,F03,https://data.buenosaires.gob.ar/dataset/ferias-mercados,2026-06-10,https://data.buenosaires.gob.ar/dataset/ferias-mercados,alta,no,Coordenadas provistas por GeoJSON FIAB,nan,datos reales,datos reales
FIAB00145,Fiab 23,FIAB,U6179A,No disponible,SABADO,de 8:00 a 14:00hs,No aplica,"Frutihorticolas, pescadería, panadería, especies y legumbres, granja y carnes, fiambres y lácteos",activo,F03,https://data.buenosaires.gob.ar/dataset/ferias-mercados,2026-06-10,https://data.buenosaires.gob.ar/dataset/ferias-mercados,alta,no,Coordenadas provistas por GeoJSON FIAB,nan,datos reales,datos reales
FIAB00146,Fiab 23,FIAB,U3CA15,No disponible,DOMINGO,de 8:00 a 14:00hs,No aplica,"Frutihorticolas, pescadería, panadería, especies y legumbres, granja y carnes, fiambres y lácteos",activo,F03,https://data.buenosaires.gob.ar/dataset/ferias-mercados,2026-06-10,https://data.buenosaires.gob.ar/dataset/ferias-mercados,alta,no,Coordenadas provistas por GeoJSON FIAB,nan,datos reales,datos reales
FIAB00147,Fiab 24,FIAB,U929D4,No disponible,MARTES,de 8:00 a 14:00hs,No aplica,"Frutihorticolas, pescadería, especies y legumbres, granja y carnes, fiambres y lácteos",activo,F03,https://data.buenosaires.gob.ar/dataset/ferias-mercados,2026-06-10,https://data.buenosaires.gob.ar/dataset/ferias-mercados,alta,no,Coordenadas provistas por GeoJSON FIAB,nan,datos reales,datos reales
FIAB00148,Fiab 24,FIAB,UFF32F,No disponible,MIERCOLES,de 8:00 a 14:00hs,No aplica,"Frutihorticolas, pescadería, especies y legumbres, granja y carnes, fiambres y lácteos",activo,F03,https://data.buenosaires.gob.ar/dataset/ferias-mercados,2026-06-10,https://data.buenosaires.gob.ar/dataset/ferias-mercados,alta,no,Coordenadas provistas por GeoJSON FIAB,nan,datos reales,datos reales
FIAB00149,Fiab 24,FIAB,U929D4,No disponible,JUEVES,de 8:00 a 14:00hs,No aplica,"Frutihorticolas, pescadería, especies y legumbres, granja y carnes, fiambres y lácteos",activo,F03,https://data.buenosaires.gob.ar/dataset/ferias-mercados,2026-06-10,https://data.buenosaires.gob.ar/dataset/ferias-mercados,alta,no,Coordenadas provistas por GeoJSON FIAB,nan,datos reales,datos reales
FIAB00150,Fiab 24,FIAB,U8D40F,No disponible,VIERNES,de 8:00 a 14:00hs,No aplica,"Frutihorticolas, pescadería, especies y legumbres, granja y carnes, fiambres y lácteos",activo,F03,https://data.buenosaires.gob.ar/dataset/ferias-mercados,2026-06-10,https://data.buenosaires.gob.ar/dataset/ferias-mercados,alta,no,Coordenadas provistas por GeoJSON FIAB,nan,datos reales,datos reales
FIAB00151,Fiab 24,FIAB,UFF32F,No disponible,SABADO,de 8:00 a 14:00hs,No aplica,"Frutihorticolas, pescadería, especies y legumbres, granja y carnes, fiambres y lácteos",activo,F03,https://data.buenosaires.gob.ar/dataset/ferias-mercados,2026-06-10,https://data.buenosaires.gob.ar/dataset/ferias-mercados,alta,no,Coordenadas provistas por GeoJSON FIAB,nan,datos reales,datos reales
FIAB00152,Fiab 24,FIAB,U2F9AF,No disponible,DOMINGO,de 8:00 a 14:00hs,No aplica,"Frutihorticolas, pescadería, especies y legumbres, granja y carnes, fiambres y lácteos",activo,F03,https://data.buenosaires.gob.ar/dataset/ferias-mercados,2026-06-10,https://data.buenosaires.gob.ar/dataset/ferias-mercados,alta,no,Coordenadas provistas por GeoJSON FIAB,nan,datos reales,datos reales
FIAB00153,Fiab 25,FIAB,UA904D,No disponible,MIERCOLES,de 8:00 a 14:00hs,No aplica,"Frutihorticolas, pescadería, panadería, especies y legumbres, granja y carnes, fiambres y lácteos",activo,F03,https://data.buenosaires.gob.ar/dataset/ferias-mercados,2026-06-10,https://data.buenosaires.gob.ar/dataset/ferias-mercados,alta,no,Coordenadas provistas por GeoJSON FIAB,nan,datos reales,datos reales
FIAB00154,Fiab 25,FIAB,U43FC1,No disponible,JUEVES,de 8:00 a 14:00hs,No aplica,"Frutihorticolas, pescadería, panadería, especies y legumbres, granja y carnes, fiambres y lácteos",activo,F03,https://data.buenosaires.gob.ar/dataset/ferias-mercados,2026-06-10,https://data.buenosaires.gob.ar/dataset/ferias-mercados,alta,no,Coordenadas provistas por GeoJSON FIAB,nan,datos reales,datos reales
FIAB00155,Fiab 25,FIAB,UC5817,No disponible,VIERNES,de 8:00 a 14:00hs,No aplica,"Frutihorticolas, pescadería, panadería, especies y legumbres, granja y carnes, fiambres y lácteos",activo,F03,https://data.buenosaires.gob.ar/dataset/ferias-mercados,2026-06-10,https://data.buenosaires.gob.ar/dataset/ferias-mercados,alta,no,Coordenadas provistas por GeoJSON FIAB,nan,datos reales,datos reales
FIAB00156,Fiab 25,FIAB,U7FDDC,No disponible,SABADO,de 8:00 a 14:00hs,No aplica,"Frutihorticolas, pescadería, panadería, especies y legumbres, granja y carnes, fiambres y lácteos",activo,F03,https://data.buenosaires.gob.ar/dataset/ferias-mercados,2026-06-10,https://data.buenosaires.gob.ar/dataset/ferias-mercados,alta,no,Coordenadas provistas por GeoJSON FIAB,nan,datos reales,datos reales
FIAB00157,Fiab 25,FIAB,UA904D,No disponible,DOMINGO,de 8:00 a 14:00hs,No aplica,"Frutihorticolas, pescadería, panadería, especies y legumbres, granja y carnes, fiambres y lácteos",activo,F03,https://data.buenosaires.gob.ar/dataset/ferias-mercados,2026-06-10,https://data.buenosaires.gob.ar/dataset/ferias-mercados,alta,no,Coordenadas provistas por GeoJSON FIAB,nan,datos reales,datos reales
FIAB00158,Fiab 27,FIAB,U28FFD,No disponible,JUEVES,de 8:00 a 14:00hs,No aplica,"Frutihorticolas, pescadería, especies y legumbres, granja y carnes, fiambres y lácteos",activo,F03,https://data.buenosaires.gob.ar/dataset/ferias-mercados,2026-06-10,https://data.buenosaires.gob.ar/dataset/ferias-mercados,alta,no,Coordenadas provistas por GeoJSON FIAB,nan,datos reales,datos reales
FIAB00159,Fiab 27,FIAB,U1FB57,No disponible,VIERNES,de 8:00 a 14:00hs,No aplica,"Frutihorticolas, pescadería, especies y legumbres, granja y carnes, fiambres y lácteos",activo,F03,https://data.buenosaires.gob.ar/dataset/ferias-mercados,2026-06-10,https://data.buenosaires.gob.ar/dataset/ferias-mercados,alta,no,Coordenadas provistas por GeoJSON FIAB,nan,datos reales,datos reales
FIAB00160,Fiab 27,FIAB,U84BD7,No disponible,DOMINGO,de 8:00 a 14:00hs,No aplica,"Frutihorticolas, pescadería, especies y legumbres, granja y carnes, fiambres y lácteos",activo,F03,https://data.buenosaires.gob.ar/dataset/ferias-mercados,2026-06-10,https://data.buenosaires.gob.ar/dataset/ferias-mercados,alta,no,Coordenadas provistas por GeoJSON FIAB,nan,datos reales,datos reales
FIAB00161,Fiab 27,FIAB,UCD026,No disponible,SABADO,de 8:00 a 14:00hs,No aplica,"Frutihorticolas, pescadería, especies y legumbres, granja y carnes, fiambres y lácteos",activo,F03,https://data.buenosaires.gob.ar/dataset/ferias-mercados,2026-06-10,https://data.buenosaires.gob.ar/dataset/ferias-mercados,alta,no,Coordenadas provistas por GeoJSON FIAB,nan,datos reales,datos reales
FIAB00162,Fiab 27,FIAB,U1C572,No disponible,MARTES,de 8:00 a 14:00hs,No aplica,"Frutihorticolas, pescadería, especies y legumbres, granja y carnes, fiambres y lácteos",activo,F03,https://data.buenosaires.gob.ar/dataset/ferias-mercados,2026-06-10,https://data.buenosaires.gob.ar/dataset/ferias-mercados,alta,no,Coordenadas provistas por GeoJSON FIAB,nan,datos reales,datos reales
FIAB00163,Fiab 28,FIAB,UF3944,No disponible,MARTES,de 8:00 a 14:00hs,No aplica,No disponible,activo,F03,https://data.buenosaires.gob.ar/dataset/ferias-mercados,2026-06-10,https://data.buenosaires.gob.ar/dataset/ferias-mercados,alta,no,Coordenadas provistas por GeoJSON FIAB,nan,datos reales,datos reales
FIAB00164,Fiab 28,FIAB,U84AE1,No disponible,JUEVES,de 8:00 a 16:00hs,No aplica,No disponible,activo,F03,https://data.buenosaires.gob.ar/dataset/ferias-mercados,2026-06-10,https://data.buenosaires.gob.ar/dataset/ferias-mercados,alta,no,Coordenadas provistas por GeoJSON FIAB,nan,datos reales,datos reales
FIAB00165,Fiab 28,FIAB,U7AA5A,No disponible,VIERNES,de 8:00 a 14:00hs,No aplica,No disponible,activo,F03,https://data.buenosaires.gob.ar/dataset/ferias-mercados,2026-06-10,https://data.buenosaires.gob.ar/dataset/ferias-mercados,alta,no,Coordenadas provistas por GeoJSON FIAB,nan,datos reales,datos reales
FIAB00166,Fiab 28,FIAB,UF3944,No disponible,SABADO,de 8:00 a 14:00hs,No aplica,No disponible,activo,F03,https://data.buenosaires.gob.ar/dataset/ferias-mercados,2026-06-10,https://data.buenosaires.gob.ar/dataset/ferias-mercados,alta,no,Coordenadas provistas por GeoJSON FIAB,nan,datos reales,datos reales
FIAB00167,Fiab 29,FIAB,U59D35,No disponible,DOMINGO,de 8:00 a 14:00hs,No aplica,"Frutihorticolas, pescadería, especies y legumbres, granja y carnes, fiambres y lácteos",activo,F03,https://data.buenosaires.gob.ar/dataset/ferias-mercados,2026-06-10,https://data.buenosaires.gob.ar/dataset/ferias-mercados,alta,no,Coordenadas provistas por GeoJSON FIAB,nan,datos reales,datos reales
FIAB00168,Fiab 29,FIAB,U329D4,No disponible,SABADO,de 8:00 a 14:00hs,No aplica,"Frutihorticolas, pescadería, especies y legumbres, granja y carnes, fiambres y lácteos",activo,F03,https://data.buenosaires.gob.ar/dataset/ferias-mercados,2026-06-10,https://data.buenosaires.gob.ar/dataset/ferias-mercados,alta,no,Coordenadas provistas por GeoJSON FIAB,nan,datos reales,datos reales
FIAB00169,Fiab 29,FIAB,U99A3B,No disponible,VIERNES,de 8:00 a 14:00hs,No aplica,"Frutihorticolas, pescadería, especies y legumbres, granja y carnes, fiambres y lácteos",activo,F03,https://data.buenosaires.gob.ar/dataset/ferias-mercados,2026-06-10,https://data.buenosaires.gob.ar/dataset/ferias-mercados,alta,no,Coordenadas provistas por GeoJSON FIAB,nan,datos reales,datos reales
FIAB00170,Fiab 29,FIAB,U99A3B,No disponible,MIERCOLES,de 8:00 a 14:00hs,No aplica,"Frutihorticolas, pescadería, especies y legumbres, granja y carnes, fiambres y lácteos",activo,F03,https://data.buenosaires.gob.ar/dataset/ferias-mercados,2026-06-10,https://data.buenosaires.gob.ar/dataset/ferias-mercados,alta,no,Coordenadas provistas por GeoJSON FIAB,nan,datos reales,datos reales
FIAB00171,Fiab 29,FIAB,U88B89,No disponible,JUEVES,de 8:00 a 14:00hs,No aplica,"Frutihorticolas, pescadería, especies y legumbres, granja y carnes, fiambres y lácteos",activo,F03,https://data.buenosaires.gob.ar/dataset/ferias-mercados,2026-06-10,https://data.buenosaires.gob.ar/dataset/ferias-mercados,alta,no,Coordenadas provistas por GeoJSON FIAB,nan,datos reales,datos reales
FIAB00172,Fiab 7,FIAB,UE3D5C,No disponible,JUEVES,de 8:00 a 14:00hs,No aplica,"Frutihorticolas, pescadería, especies y legumbres, granja y carne, fiambres y lácteos, limpieza",activo,F03,https://data.buenosaires.gob.ar/dataset/ferias-mercados,2026-06-10,https://data.buenosaires.gob.ar/dataset/ferias-mercados,alta,no,Coordenadas provistas por GeoJSON FIAB,nan,datos reales,datos reales
FIAB00173,Fiab 30,FIAB,UA7835,No disponible,MIERCOLES,de 10:00 a 19:00hs,No aplica,No disponible,activo,F03,https://data.buenosaires.gob.ar/dataset/ferias-mercados,2026-06-10,https://data.buenosaires.gob.ar/dataset/ferias-mercados,alta,no,Coordenadas provistas por GeoJSON FIAB,nan,datos reales,datos reales
FIAB00174,Fiab 31,FIAB,U01A5B,No disponible,JUEVES,de 15:00 a 21hs,No aplica,No disponible,activo,F03,https://data.buenosaires.gob.ar/dataset/ferias-mercados,2026-06-10,https://data.buenosaires.gob.ar/dataset/ferias-mercados,alta,no,Coordenadas provistas por GeoJSON FIAB,nan,datos reales,datos reales
FIAB00175,Fiab 31,FIAB,U10466,No disponible,LUNES,de 15:00 a 21:00hs,No aplica,No disponible,activo,F03,https://data.buenosaires.gob.ar/dataset/ferias-mercados,2026-06-10,https://data.buenosaires.gob.ar/dataset/ferias-mercados,alta,no,Coordenadas provistas por GeoJSON FIAB,nan,datos reales,datos reales
FIAB00176,Fiab 30,FIAB,UE55DD,No disponible,SABADO,de 10:00 a 19:00hs,No aplica,No disponible,activo,F03,https://data.buenosaires.gob.ar/dataset/ferias-mercados,2026-06-10,https://data.buenosaires.gob.ar/dataset/ferias-mercados,alta,no,Coordenadas provistas por GeoJSON FIAB,nan,datos reales,datos reales
FIAB00177,Fiab 30,FIAB,U48B1F,No disponible,DOMINGO,de 16:30 a 20:30hs,No aplica,No disponible,activo,F03,https://data.buenosaires.gob.ar/dataset/ferias-mercados,2026-06-10,https://data.buenosaires.gob.ar/dataset/ferias-mercados,alta,no,Coordenadas provistas por GeoJSON FIAB,nan,datos reales,datos reales
FIAB00178,Fiab 31,FIAB,U583B5,No disponible,MARTES,de 15:00 a 21:00hs,No aplica,No disponible,activo,F03,https://data.buenosaires.gob.ar/dataset/ferias-mercados,2026-06-10,https://data.buenosaires.gob.ar/dataset/ferias-mercados,alta,no,Coordenadas provistas por GeoJSON FIAB,nan,datos reales,datos reales
FIAB00179,Fiab 31,FIAB,U6AFAE,No disponible,VIERNES,de 8:00 a 14:00hs,No aplica,No disponible,activo,F03,https://data.buenosaires.gob.ar/dataset/ferias-mercados,2026-06-10,https://data.buenosaires.gob.ar/dataset/ferias-mercados,alta,no,Coordenadas provistas por GeoJSON FIAB,nan,datos reales,datos reales
FIAB00180,Fiab 6,FIAB,UFA081,No disponible,MARTES,De 08:00 a 14:00 hs,No aplica,"Frutihorticolas, pescadería, plantas, especies y legumbres, granja y carne, fiambres y lácteos, limpieza",activo,F03,https://data.buenosaires.gob.ar/dataset/ferias-mercados,2026-06-10,https://data.buenosaires.gob.ar/dataset/ferias-mercados,alta,no,Coordenadas provistas por GeoJSON FIAB,nan,datos reales,datos reales
FIAB00181,Fiab 19,FIAB,U20486,No disponible,MARTES,De 08:00 a 14:00hs,No aplica,"Frutihorticolas, especies y legumbres, granja y carnes, fiambres y lácteos, limpieza",activo,F03,https://data.buenosaires.gob.ar/dataset/ferias-mercados,2026-06-10,https://data.buenosaires.gob.ar/dataset/ferias-mercados,alta,no,Coordenadas provistas por GeoJSON FIAB,nan,datos reales,datos reales
FIAB00182,Fiab 28,FIAB,U01C34,No disponible,MIERCOLES,De 8:00 a 14:00hs,No aplica,No disponible,activo,F03,https://data.buenosaires.gob.ar/dataset/ferias-mercados,2026-06-10,https://data.buenosaires.gob.ar/dataset/ferias-mercados,alta,no,Coordenadas provistas por GeoJSON FIAB,nan,datos reales,datos reales
FIAB00183,Fiab 4,FIAB,U16FA7,No disponible,VIERNES,De 08:00 a 14:00hs,No aplica,"Frutihorticolas, pescadería, panadería, plantas, especies y legumbres, granja y carnes, fiambres y lácteos",activo,F03,https://data.buenosaires.gob.ar/dataset/ferias-mercados,2026-06-10,https://data.buenosaires.gob.ar/dataset/ferias-mercados,alta,no,Coordenadas provistas por GeoJSON FIAB,nan,datos reales,datos reales
FIAB00184,Fiab 7,FIAB,UFDDF6,No disponible,DOMINGO,de 08:00 a 14:00hs,No aplica,"Frutihorticolas, pescadería, especies y legumbres, granja y carne, fiambres y lácteos, limpieza",activo,F03,https://data.buenosaires.gob.ar/dataset/ferias-mercados,2026-06-10,https://data.buenosaires.gob.ar/dataset/ferias-mercados,alta,no,Coordenadas provistas por GeoJSON FIAB,nan,datos reales,datos reales
FIAB00185,Fiab 38,FIAB,U480F6,No disponible,LUNES,de 15:00 a 21:00hs,No aplica,No disponible,activo,F03,https://data.buenosaires.gob.ar/dataset/ferias-mercados,2026-06-10,https://data.buenosaires.gob.ar/dataset/ferias-mercados,alta,no,Coordenadas provistas por GeoJSON FIAB,nan,datos reales,datos reales
FIAB00186,Fiab 27,FIAB,UB0C44,No disponible,LUNES,de 8:00 a 14:00hs,No aplica,"Frutihorticolas, pescadería, especies y legumbres, granja y carnes, fiambres y lácteos",activo,F03,https://data.buenosaires.gob.ar/dataset/ferias-mercados,2026-06-10,https://data.buenosaires.gob.ar/dataset/ferias-mercados,alta,no,Coordenadas provistas por GeoJSON FIAB,nan,datos reales,datos reales
FIAB00187,Fiab 11,FIAB,U30CBE,No disponible,DOMINGO,de 8:00 a 14:00hs,No aplica,No disponible,activo,F03,https://data.buenosaires.gob.ar/dataset/ferias-mercados,2026-06-10,https://data.buenosaires.gob.ar/dataset/ferias-mercados,alta,no,Coordenadas provistas por GeoJSON FIAB,nan,datos reales,datos reales
FIAB00188,Fiab 9,FIAB,U241EE,No disponible,LUNES,de 8:00 a 14:00hs,No aplica,No disponible,activo,F03,https://data.buenosaires.gob.ar/dataset/ferias-mercados,2026-06-10,https://data.buenosaires.gob.ar/dataset/ferias-mercados,alta,no,Coordenadas provistas por GeoJSON FIAB,nan,datos reales,datos reales
FIAB00189,Fiab 10,FIAB,UAF369,No disponible,LUNES,de 8:00 a 14:00hs,No aplica,No disponible,activo,F03,https://data.buenosaires.gob.ar/dataset/ferias-mercados,2026-06-10,https://data.buenosaires.gob.ar/dataset/ferias-mercados,alta,no,Coordenadas provistas por GeoJSON FIAB,nan,datos reales,datos reales
FIAB00190,Fiab 15,FIAB,U7418D,No disponible,LUNES,de 8:00 a 14:00hs,No aplica,No disponible,activo,F03,https://data.buenosaires.gob.ar/dataset/ferias-mercados,2026-06-10,https://data.buenosaires.gob.ar/dataset/ferias-mercados,alta,no,Coordenadas provistas por GeoJSON FIAB,nan,datos reales,datos reales
FIAB00191,Fiab 6,FIAB,UC59BD,No disponible,LUNES,de 8:00 a 14:00hs,No aplica,No disponible,activo,F03,https://data.buenosaires.gob.ar/dataset/ferias-mercados,2026-06-10,https://data.buenosaires.gob.ar/dataset/ferias-mercados,alta,no,Coordenadas provistas por GeoJSON FIAB,nan,datos reales,datos reales
FIAB00192,Fiab 1,FIAB,U9E9DD,No disponible,LUNES,de 8:00 a 14:00hs,No aplica,No disponible,activo,F03,https://data.buenosaires.gob.ar/dataset/ferias-mercados,2026-06-10,https://data.buenosaires.gob.ar/dataset/ferias-mercados,alta,no,Coordenadas provistas por GeoJSON FIAB,nan,datos reales,datos reales
FIAB00193,Fiab 38,FIAB,U6B1AA,No disponible,DOMINGO,de 8:00 a 14:00hs,No aplica,No disponible,activo,F03,https://data.buenosaires.gob.ar/dataset/ferias-mercados,2026-06-10,https://data.buenosaires.gob.ar/dataset/ferias-mercados,alta,no,Coordenadas provistas por GeoJSON FIAB,nan,datos reales,datos reales
FIAB00194,Fiab 33,FIAB,U7AD8A,No disponible,DOMINGO,de 17:00 a 22:00hs,No aplica,No disponible,activo,F03,https://data.buenosaires.gob.ar/dataset/ferias-mercados,2026-06-10,https://data.buenosaires.gob.ar/dataset/ferias-mercados,alta,no,Coordenadas provistas por GeoJSON FIAB,nan,datos reales,datos reales
FIAB00195,Fiab 14,FIAB,U8F7D4,No disponible,LUNES,de 8:00 a 14:00hs,No aplica,No disponible,activo,F03,https://data.buenosaires.gob.ar/dataset/ferias-mercados,2026-06-10,https://data.buenosaires.gob.ar/dataset/ferias-mercados,alta,no,Coordenadas provistas por GeoJSON FIAB,nan,datos reales,datos reales
FIAB00196,Fiab 18,FIAB,U8147A,No disponible,LUNES,de 8:00 a 14:00hs,No aplica,No disponible,activo,F03,https://data.buenosaires.gob.ar/dataset/ferias-mercados,2026-06-10,https://data.buenosaires.gob.ar/dataset/ferias-mercados,alta,no,Coordenadas provistas por GeoJSON FIAB,nan,datos reales,datos reales
FIAB00197,Fiab 23,FIAB,U575B0,No disponible,LUNES,de 8:00 a 14:00hs,No aplica,No disponible,activo,F03,https://data.buenosaires.gob.ar/dataset/ferias-mercados,2026-06-10,https://data.buenosaires.gob.ar/dataset/ferias-mercados,alta,no,Coordenadas provistas por GeoJSON FIAB,nan,datos reales,datos reales
FIAB00198,Fiab 7,FIAB,U56F41,No disponible,LUNES,de 8:00 a 14:00hs,No aplica,No disponible,activo,F03,https://data.buenosaires.gob.ar/dataset/ferias-mercados,2026-06-10,https://data.buenosaires.gob.ar/dataset/ferias-mercados,alta,no,Coordenadas provistas por GeoJSON FIAB,nan,datos reales,datos reales
FIAB00199,Fiab 25,FIAB,U88B2C,No disponible,LUNES,de 8:00 a 14:00hs,No aplica,No disponible,activo,F03,https://data.buenosaires.gob.ar/dataset/ferias-mercados,2026-06-10,https://data.buenosaires.gob.ar/dataset/ferias-mercados,alta,no,Coordenadas provistas por GeoJSON FIAB,nan,datos reales,datos reales
FIAB00200,Fiab 20,FIAB,UD528A,No disponible,LUNES,de 8:00 a 14:00hs,No aplica,"Frutihorticolas, pescadería, especies y legumbres, granja y carnes, fiambres y lácteos",activo,F03,https://data.buenosaires.gob.ar/dataset/ferias-mercados,2026-06-10,https://data.buenosaires.gob.ar/dataset/ferias-mercados,alta,no,Coordenadas provistas por GeoJSON FIAB,nan,datos reales,datos reales
FIAB00201,Fiab 2,FIAB,U7806B,No disponible,DOMINGO,de 8:00 a 14:00hs,No aplica,"Frutihorticolas, pescadería, plantas, especies y legumbres, granja y carnes, fiambres y lácteos",activo,F03,https://data.buenosaires.gob.ar/dataset/ferias-mercados,2026-06-10,https://data.buenosaires.gob.ar/dataset/ferias-mercados,alta,no,Coordenadas provistas por GeoJSON FIAB,nan,datos reales,datos reales
FIAB00202,Fiab 10,FIAB,U83F54,No disponible,DOMINGO,de 8:00 a 14:00hs,No aplica,"Frutihorticolas, pescadería, especies y legumbres, granja y carnes, fiambres y lácteos",activo,F03,https://data.buenosaires.gob.ar/dataset/ferias-mercados,2026-06-10,https://data.buenosaires.gob.ar/dataset/ferias-mercados,alta,no,Coordenadas provistas por GeoJSON FIAB,nan,datos reales,datos reales
FIAB00203,Fiab 3,FIAB,U1F0A8,No disponible,DOMINGO,de 8:00 a 14:00hs,No aplica,"Pescaderia, especies y legumbres, granja y carne, fiambre y lácteos, limpieza",activo,F03,https://data.buenosaires.gob.ar/dataset/ferias-mercados,2026-06-10,https://data.buenosaires.gob.ar/dataset/ferias-mercados,alta,no,Coordenadas provistas por GeoJSON FIAB,nan,datos reales,datos reales
FIAB00204,Fiab 12,FIAB,UFA2FB,No disponible,MIERCOLES,de 8:00 a 14:00hs,No aplica,"Frutihorticolas, pescadería, panadería, plantas, especies y legumbres, granja y carnes, fiambres y lácteos, limpieza",activo,F03,https://data.buenosaires.gob.ar/dataset/ferias-mercados,2026-06-10,https://data.buenosaires.gob.ar/dataset/ferias-mercados,alta,no,Coordenadas provistas por GeoJSON FIAB,nan,datos reales,datos reales
FIAB00205,Fiab 38,FIAB,UAA102,No disponible,MIERCOLES,de 15:00 a 20:00hs,No aplica,No disponible,activo,F03,https://data.buenosaires.gob.ar/dataset/ferias-mercados,2026-06-10,https://data.buenosaires.gob.ar/dataset/ferias-mercados,alta,no,Coordenadas provistas por GeoJSON FIAB,nan,datos reales,datos reales
FIAB00206,Fiab 1,FIAB,U0EB78,No disponible,SABADO,de 10:00 a 18:00hs,No aplica,No disponible,activo,F03,https://data.buenosaires.gob.ar/dataset/ferias-mercados,2026-06-10,https://data.buenosaires.gob.ar/dataset/ferias-mercados,alta,no,Coordenadas provistas por GeoJSON FIAB,nan,datos reales,datos reales
FIAB00207,Fiab 24,FIAB,UAA731,No disponible,LUNES,de 8:00 a 14:00hs,No aplica,"Frutihorticolas, pescadería, especies y legumbres, granja y carnes, fiambres y lácteos",activo,F03,https://data.buenosaires.gob.ar/dataset/ferias-mercados,2026-06-10,https://data.buenosaires.gob.ar/dataset/ferias-mercados,alta,no,Coordenadas provistas por GeoJSON FIAB,nan,datos reales,datos reales
FIAB00208,Fiab 36,FIAB,U71E0C,No disponible,DOMINGO,de 13:00 a 20:00hs,No aplica,No disponible,activo,F03,https://data.buenosaires.gob.ar/dataset/ferias-mercados,2026-06-10,https://data.buenosaires.gob.ar/dataset/ferias-mercados,alta,no,Coordenadas provistas por GeoJSON FIAB,nan,datos reales,datos reales
FIAB00209,Fiab 5,FIAB,UB6A2B,No disponible,DOMINGO,de 8:00 a 14:00hs,No aplica,"Frutihorticolas, pescadería, panadería, especies y legumbres, granja y carnes, fiambres y lácteos",activo,F03,https://data.buenosaires.gob.ar/dataset/ferias-mercados,2026-06-10,https://data.buenosaires.gob.ar/dataset/ferias-mercados,alta,no,Coordenadas provistas por GeoJSON FIAB,nan,datos reales,datos reales
FIAB00210,Fiab 32,FIAB,U9D889,No disponible,DOMINGO,de 16:00 a 23:00hs,No aplica,No disponible,activo,F03,https://data.buenosaires.gob.ar/dataset/ferias-mercados,2026-06-10,https://data.buenosaires.gob.ar/dataset/ferias-mercados,alta,no,Coordenadas provistas por GeoJSON FIAB,nan,datos reales,datos reales
FIAB00211,Fiab 31,FIAB,U9751D,No disponible,DOMINGO,de 15:00 a 20:00hs,No aplica,No disponible,activo,F03,https://data.buenosaires.gob.ar/dataset/ferias-mercados,2026-06-10,https://data.buenosaires.gob.ar/dataset/ferias-mercados,alta,no,Coordenadas provistas por GeoJSON FIAB,nan,datos reales,datos reales
FIAB00212,Fiab 38,FIAB,U4021F,No disponible,VIERNES,de 16:00 a 21:00hs,No aplica,No disponible,activo,F03,https://data.buenosaires.gob.ar/dataset/ferias-mercados,2026-06-10,https://data.buenosaires.gob.ar/dataset/ferias-mercados,alta,no,Coordenadas provistas por GeoJSON FIAB,nan,datos reales,datos reales
FIAB00213,Fiab 30,FIAB,U4021F,No disponible,VIERNES,de 12:00 a 20:00hs,No aplica,No disponible,activo,F03,https://data.buenosaires.gob.ar/dataset/ferias-mercados,2026-06-10,https://data.buenosaires.gob.ar/dataset/ferias-mercados,alta,no,Coordenadas provistas por GeoJSON FIAB,nan,datos reales,datos reales
FIAB00214,Fiab 1,FIAB,U928FB,No disponible,VIERNES,de 8:00 a 14:00hs,No aplica,"Frutihorticolas, pescadería, panadería, especies y legumbres, granja y carnes, fiambres y lácteos, limpieza",activo,F03,https://data.buenosaires.gob.ar/dataset/ferias-mercados,2026-06-10,https://data.buenosaires.gob.ar/dataset/ferias-mercados,alta,no,Coordenadas provistas por GeoJSON FIAB,nan,datos reales,datos reales
FIAB00215,Fiab 1,FIAB,U928FB,No disponible,DOMINGO,de 8:00 a 14:00hs,No aplica,"Frutihorticolas, pescadería, panadería, especies y legumbres, granja y carnes, fiambres y lácteos, limpieza",activo,F03,https://data.buenosaires.gob.ar/dataset/ferias-mercados,2026-06-10,https://data.buenosaires.gob.ar/dataset/ferias-mercados,alta,no,Coordenadas provistas por GeoJSON FIAB,nan,datos reales,datos reales
FIAB00216,Fiab 34,FIAB,U07301,No disponible,SABADO,de 10:00 a 19:00hs,No aplica,No disponible,activo,F03,https://data.buenosaires.gob.ar/dataset/ferias-mercados,2026-06-10,https://data.buenosaires.gob.ar/dataset/ferias-mercados,alta,no,Coordenadas provistas por GeoJSON FIAB,nan,datos reales,datos reales
FIAB00217,Fiab 34,FIAB,U2ECBC,No disponible,VIERNES,de 10:00 a 19:00hs,No aplica,No disponible,activo,F03,https://data.buenosaires.gob.ar/dataset/ferias-mercados,2026-06-10,https://data.buenosaires.gob.ar/dataset/ferias-mercados,alta,no,Coordenadas provistas por GeoJSON FIAB,nan,datos reales,datos reales
FIAB00218,Fiab 30,FIAB,U9B31F,No disponible,JUEVES,de 10:00 a 19:00hs,No aplica,No disponible,activo,F03,https://data.buenosaires.gob.ar/dataset/ferias-mercados,2026-06-10,https://data.buenosaires.gob.ar/dataset/ferias-mercados,alta,no,Coordenadas provistas por GeoJSON FIAB,nan,datos reales,datos reales
FIAB00219,Fiab 36,FIAB,U9192B,No disponible,SABADO,13:00 a 20:00 hs.,No aplica,No disponible,activo,F03,https://data.buenosaires.gob.ar/dataset/ferias-mercados,2026-06-10,https://data.buenosaires.gob.ar/dataset/ferias-mercados,alta,no,Coordenadas provistas por GeoJSON FIAB,nan,datos reales,datos reales
FIAB00220,Fiab 34,FIAB,U07301,No disponible,DOMINGO,de 10:00 a 19:00hs,No aplica,No disponible,activo,F03,https://data.buenosaires.gob.ar/dataset/ferias-mercados,2026-06-10,https://data.buenosaires.gob.ar/dataset/ferias-mercados,alta,no,Coordenadas provistas por GeoJSON FIAB,nan,datos reales,datos reales
