barrio,comuna,categoria_general,subcategoria,cantidad_establecimientos,porcentaje_sobre_total_barrio,estado_datos,fuentes_utilizadas,urls_fuentes,fecha_consulta_min,fecha_consulta_max,nota_metodologica,limitaciones,apto_dashboard
Agronomia,15,Bar,Bar,3,100.0,datos reales,F01,https://data.buenosaires.gob.ar/dataset/oferta-establecimientos-gastronomicos,2026-06-10,2026-06-10,"Agrupacion de establecimientos por barrio, comuna y categoria inferida.","Si usa seed, la muestra no representa el universo de establecimientos.",si
Almagro,5,Restaurante,Restaurante,44,69.84,datos reales,F01,https://data.buenosaires.gob.ar/dataset/oferta-establecimientos-gastronomicos,2026-06-10,2026-06-10,"Agrupacion de establecimientos por barrio, comuna y categoria inferida.","Si usa seed, la muestra no representa el universo de establecimientos.",si
Almagro,5,Cafe,Cafe,10,15.87,datos reales,F01,https://data.buenosaires.gob.ar/dataset/oferta-establecimientos-gastronomicos,2026-06-10,2026-06-10,"Agrupacion de establecimientos por barrio, comuna y categoria inferida.","Si usa seed, la muestra no representa el universo de establecimientos.",si
Almagro,5,Bar,Bar,3,4.76,datos reales,F01,https://data.buenosaires.gob.ar/dataset/oferta-establecimientos-gastronomicos,2026-06-10,2026-06-10,"Agrupacion de establecimientos por barrio, comuna y categoria inferida.","Si usa seed, la muestra no representa el universo de establecimientos.",si
Almagro,5,Requiere validacion,Requiere validacion,3,4.76,datos reales,F01,https://data.buenosaires.gob.ar/dataset/oferta-establecimientos-gastronomicos,2026-06-10,2026-06-10,"Agrupacion de establecimientos por barrio, comuna y categoria inferida.","Si usa seed, la muestra no representa el universo de establecimientos.",si
Almagro,5,Parrilla,Parrilla,1,1.59,datos reales,F01,https://data.buenosaires.gob.ar/dataset/oferta-establecimientos-gastronomicos,2026-06-10,2026-06-10,"Agrupacion de establecimientos por barrio, comuna y categoria inferida.","Si usa seed, la muestra no representa el universo de establecimientos.",si
Almagro,5,Pasteleria,Pasteleria,1,1.59,datos reales,F01,https://data.buenosaires.gob.ar/dataset/oferta-establecimientos-gastronomicos,2026-06-10,2026-06-10,"Agrupacion de establecimientos por barrio, comuna y categoria inferida.","Si usa seed, la muestra no representa el universo de establecimientos.",si
Almagro,5,Pizzeria,Pizzeria,1,1.59,datos reales,F01,https://data.buenosaires.gob.ar/dataset/oferta-establecimientos-gastronomicos,2026-06-10,2026-06-10,"Agrupacion de establecimientos por barrio, comuna y categoria inferida.","Si usa seed, la muestra no representa el universo de establecimientos.",si
Balvanera,3,Restaurante,Restaurante,116,54.21,datos reales,F01,https://data.buenosaires.gob.ar/dataset/oferta-establecimientos-gastronomicos,2026-06-10,2026-06-10,"Agrupacion de establecimientos por barrio, comuna y categoria inferida.","Si usa seed, la muestra no representa el universo de establecimientos.",si
Balvanera,3,Cafe,Cafe,53,24.77,datos reales,F01,https://data.buenosaires.gob.ar/dataset/oferta-establecimientos-gastronomicos,2026-06-10,2026-06-10,"Agrupacion de establecimientos por barrio, comuna y categoria inferida.","Si usa seed, la muestra no representa el universo de establecimientos.",si
Balvanera,3,Bar,Bar,30,14.02,datos reales,F01,https://data.buenosaires.gob.ar/dataset/oferta-establecimientos-gastronomicos,2026-06-10,2026-06-10,"Agrupacion de establecimientos por barrio, comuna y categoria inferida.","Si usa seed, la muestra no representa el universo de establecimientos.",si
Balvanera,3,Pasteleria,Pasteleria,7,3.27,datos reales,F01,https://data.buenosaires.gob.ar/dataset/oferta-establecimientos-gastronomicos,2026-06-10,2026-06-10,"Agrupacion de establecimientos por barrio, comuna y categoria inferida.","Si usa seed, la muestra no representa el universo de establecimientos.",si
Balvanera,3,Pizzeria,Pizzeria,5,2.34,datos reales,F01,https://data.buenosaires.gob.ar/dataset/oferta-establecimientos-gastronomicos,2026-06-10,2026-06-10,"Agrupacion de establecimientos por barrio, comuna y categoria inferida.","Si usa seed, la muestra no representa el universo de establecimientos.",si
Balvanera,3,Requiere validacion,Requiere validacion,2,0.93,datos reales,F01,https://data.buenosaires.gob.ar/dataset/oferta-establecimientos-gastronomicos,2026-06-10,2026-06-10,"Agrupacion de establecimientos por barrio, comuna y categoria inferida.","Si usa seed, la muestra no representa el universo de establecimientos.",si
Balvanera,3,Comida al paso,Comida al paso,1,0.47,datos reales,F01,https://data.buenosaires.gob.ar/dataset/oferta-establecimientos-gastronomicos,2026-06-10,2026-06-10,"Agrupacion de establecimientos por barrio, comuna y categoria inferida.","Si usa seed, la muestra no representa el universo de establecimientos.",si
Barracas,4,Restaurante,Restaurante,22,44.9,datos reales,F01,https://data.buenosaires.gob.ar/dataset/oferta-establecimientos-gastronomicos,2026-06-10,2026-06-10,"Agrupacion de establecimientos por barrio, comuna y categoria inferida.","Si usa seed, la muestra no representa el universo de establecimientos.",si
Barracas,4,Requiere validacion,Requiere validacion,10,20.41,datos reales,F01,https://data.buenosaires.gob.ar/dataset/oferta-establecimientos-gastronomicos,2026-06-10,2026-06-10,"Agrupacion de establecimientos por barrio, comuna y categoria inferida.","Si usa seed, la muestra no representa el universo de establecimientos.",si
Barracas,4,Bar,Bar,7,14.29,datos reales,F01,https://data.buenosaires.gob.ar/dataset/oferta-establecimientos-gastronomicos,2026-06-10,2026-06-10,"Agrupacion de establecimientos por barrio, comuna y categoria inferida.","Si usa seed, la muestra no representa el universo de establecimientos.",si
Barracas,4,Cafe,Cafe,7,14.29,datos reales,F01,https://data.buenosaires.gob.ar/dataset/oferta-establecimientos-gastronomicos,2026-06-10,2026-06-10,"Agrupacion de establecimientos por barrio, comuna y categoria inferida.","Si usa seed, la muestra no representa el universo de establecimientos.",si
Barracas,4,Pizzeria,Pizzeria,3,6.12,datos reales,F01,https://data.buenosaires.gob.ar/dataset/oferta-establecimientos-gastronomicos,2026-06-10,2026-06-10,"Agrupacion de establecimientos por barrio, comuna y categoria inferida.","Si usa seed, la muestra no representa el universo de establecimientos.",si
Belgrano,13,Restaurante,Restaurante,62,87.32,datos reales,F01,https://data.buenosaires.gob.ar/dataset/oferta-establecimientos-gastronomicos,2026-06-10,2026-06-10,"Agrupacion de establecimientos por barrio, comuna y categoria inferida.","Si usa seed, la muestra no representa el universo de establecimientos.",si
Belgrano,13,Bar,Bar,3,4.23,datos reales,F01,https://data.buenosaires.gob.ar/dataset/oferta-establecimientos-gastronomicos,2026-06-10,2026-06-10,"Agrupacion de establecimientos por barrio, comuna y categoria inferida.","Si usa seed, la muestra no representa el universo de establecimientos.",si
Belgrano,13,Requiere validacion,Requiere validacion,3,4.23,datos reales,F01,https://data.buenosaires.gob.ar/dataset/oferta-establecimientos-gastronomicos,2026-06-10,2026-06-10,"Agrupacion de establecimientos por barrio, comuna y categoria inferida.","Si usa seed, la muestra no representa el universo de establecimientos.",si
Belgrano,13,Cafe,Cafe,2,2.82,datos reales,F01,https://data.buenosaires.gob.ar/dataset/oferta-establecimientos-gastronomicos,2026-06-10,2026-06-10,"Agrupacion de establecimientos por barrio, comuna y categoria inferida.","Si usa seed, la muestra no representa el universo de establecimientos.",si
Belgrano,13,Pizzeria,Pizzeria,1,1.41,datos reales,F01,https://data.buenosaires.gob.ar/dataset/oferta-establecimientos-gastronomicos,2026-06-10,2026-06-10,"Agrupacion de establecimientos por barrio, comuna y categoria inferida.","Si usa seed, la muestra no representa el universo de establecimientos.",si
Boedo,5,Requiere validacion,Requiere validacion,7,50.0,datos reales,F01,https://data.buenosaires.gob.ar/dataset/oferta-establecimientos-gastronomicos,2026-06-10,2026-06-10,"Agrupacion de establecimientos por barrio, comuna y categoria inferida.","Si usa seed, la muestra no representa el universo de establecimientos.",si
Boedo,5,Restaurante,Restaurante,5,35.71,datos reales,F01,https://data.buenosaires.gob.ar/dataset/oferta-establecimientos-gastronomicos,2026-06-10,2026-06-10,"Agrupacion de establecimientos por barrio, comuna y categoria inferida.","Si usa seed, la muestra no representa el universo de establecimientos.",si
Boedo,5,Cafe,Cafe,1,7.14,datos reales,F01,https://data.buenosaires.gob.ar/dataset/oferta-establecimientos-gastronomicos,2026-06-10,2026-06-10,"Agrupacion de establecimientos por barrio, comuna y categoria inferida.","Si usa seed, la muestra no representa el universo de establecimientos.",si
Boedo,5,Pizzeria,Pizzeria,1,7.14,datos reales,F01,https://data.buenosaires.gob.ar/dataset/oferta-establecimientos-gastronomicos,2026-06-10,2026-06-10,"Agrupacion de establecimientos por barrio, comuna y categoria inferida.","Si usa seed, la muestra no representa el universo de establecimientos.",si
Caballito,6,Restaurante,Restaurante,79,62.7,datos reales,F01,https://data.buenosaires.gob.ar/dataset/oferta-establecimientos-gastronomicos,2026-06-10,2026-06-10,"Agrupacion de establecimientos por barrio, comuna y categoria inferida.","Si usa seed, la muestra no representa el universo de establecimientos.",si
Caballito,6,Cafe,Cafe,29,23.02,datos reales,F01,https://data.buenosaires.gob.ar/dataset/oferta-establecimientos-gastronomicos,2026-06-10,2026-06-10,"Agrupacion de establecimientos por barrio, comuna y categoria inferida.","Si usa seed, la muestra no representa el universo de establecimientos.",si
Caballito,6,Bar,Bar,7,5.56,datos reales,F01,https://data.buenosaires.gob.ar/dataset/oferta-establecimientos-gastronomicos,2026-06-10,2026-06-10,"Agrupacion de establecimientos por barrio, comuna y categoria inferida.","Si usa seed, la muestra no representa el universo de establecimientos.",si
Caballito,6,Parrilla,Parrilla,4,3.17,datos reales,F01,https://data.buenosaires.gob.ar/dataset/oferta-establecimientos-gastronomicos,2026-06-10,2026-06-10,"Agrupacion de establecimientos por barrio, comuna y categoria inferida.","Si usa seed, la muestra no representa el universo de establecimientos.",si
Caballito,6,Requiere validacion,Requiere validacion,4,3.17,datos reales,F01,https://data.buenosaires.gob.ar/dataset/oferta-establecimientos-gastronomicos,2026-06-10,2026-06-10,"Agrupacion de establecimientos por barrio, comuna y categoria inferida.","Si usa seed, la muestra no representa el universo de establecimientos.",si
Caballito,6,Pizzeria,Pizzeria,2,1.59,datos reales,F01,https://data.buenosaires.gob.ar/dataset/oferta-establecimientos-gastronomicos,2026-06-10,2026-06-10,"Agrupacion de establecimientos por barrio, comuna y categoria inferida.","Si usa seed, la muestra no representa el universo de establecimientos.",si
Caballito,6,Pasteleria,Pasteleria,1,0.79,datos reales,F01,https://data.buenosaires.gob.ar/dataset/oferta-establecimientos-gastronomicos,2026-06-10,2026-06-10,"Agrupacion de establecimientos por barrio, comuna y categoria inferida.","Si usa seed, la muestra no representa el universo de establecimientos.",si
Chacarita,15,Restaurante,Restaurante,16,88.89,datos reales,F01,https://data.buenosaires.gob.ar/dataset/oferta-establecimientos-gastronomicos,2026-06-10,2026-06-10,"Agrupacion de establecimientos por barrio, comuna y categoria inferida.","Si usa seed, la muestra no representa el universo de establecimientos.",si
Chacarita,15,Bar,Bar,1,5.56,datos reales,F01,https://data.buenosaires.gob.ar/dataset/oferta-establecimientos-gastronomicos,2026-06-10,2026-06-10,"Agrupacion de establecimientos por barrio, comuna y categoria inferida.","Si usa seed, la muestra no representa el universo de establecimientos.",si
Chacarita,15,Pizzeria,Pizzeria,1,5.56,datos reales,F01,https://data.buenosaires.gob.ar/dataset/oferta-establecimientos-gastronomicos,2026-06-10,2026-06-10,"Agrupacion de establecimientos por barrio, comuna y categoria inferida.","Si usa seed, la muestra no representa el universo de establecimientos.",si
Coghlan,12,Restaurante,Restaurante,4,80.0,datos reales,F01,https://data.buenosaires.gob.ar/dataset/oferta-establecimientos-gastronomicos,2026-06-10,2026-06-10,"Agrupacion de establecimientos por barrio, comuna y categoria inferida.","Si usa seed, la muestra no representa el universo de establecimientos.",si
Coghlan,12,Cafe,Cafe,1,20.0,datos reales,F01,https://data.buenosaires.gob.ar/dataset/oferta-establecimientos-gastronomicos,2026-06-10,2026-06-10,"Agrupacion de establecimientos por barrio, comuna y categoria inferida.","Si usa seed, la muestra no representa el universo de establecimientos.",si
Colegiales,13,Restaurante,Restaurante,18,43.9,datos reales,F01,https://data.buenosaires.gob.ar/dataset/oferta-establecimientos-gastronomicos,2026-06-10,2026-06-10,"Agrupacion de establecimientos por barrio, comuna y categoria inferida.","Si usa seed, la muestra no representa el universo de establecimientos.",si
Colegiales,13,Requiere validacion,Requiere validacion,17,41.46,datos reales,F01,https://data.buenosaires.gob.ar/dataset/oferta-establecimientos-gastronomicos,2026-06-10,2026-06-10,"Agrupacion de establecimientos por barrio, comuna y categoria inferida.","Si usa seed, la muestra no representa el universo de establecimientos.",si
Colegiales,13,Bar,Bar,3,7.32,datos reales,F01,https://data.buenosaires.gob.ar/dataset/oferta-establecimientos-gastronomicos,2026-06-10,2026-06-10,"Agrupacion de establecimientos por barrio, comuna y categoria inferida.","Si usa seed, la muestra no representa el universo de establecimientos.",si
Colegiales,13,Pizzeria,Pizzeria,2,4.88,datos reales,F01,https://data.buenosaires.gob.ar/dataset/oferta-establecimientos-gastronomicos,2026-06-10,2026-06-10,"Agrupacion de establecimientos por barrio, comuna y categoria inferida.","Si usa seed, la muestra no representa el universo de establecimientos.",si
Colegiales,13,Cafe,Cafe,1,2.44,datos reales,F01,https://data.buenosaires.gob.ar/dataset/oferta-establecimientos-gastronomicos,2026-06-10,2026-06-10,"Agrupacion de establecimientos por barrio, comuna y categoria inferida.","Si usa seed, la muestra no representa el universo de establecimientos.",si
Constitucion,1,Restaurante,Restaurante,12,40.0,datos reales,F01,https://data.buenosaires.gob.ar/dataset/oferta-establecimientos-gastronomicos,2026-06-10,2026-06-10,"Agrupacion de establecimientos por barrio, comuna y categoria inferida.","Si usa seed, la muestra no representa el universo de establecimientos.",si
Constitucion,1,Bar,Bar,9,30.0,datos reales,F01,https://data.buenosaires.gob.ar/dataset/oferta-establecimientos-gastronomicos,2026-06-10,2026-06-10,"Agrupacion de establecimientos por barrio, comuna y categoria inferida.","Si usa seed, la muestra no representa el universo de establecimientos.",si
Constitucion,1,Cafe,Cafe,5,16.67,datos reales,F01,https://data.buenosaires.gob.ar/dataset/oferta-establecimientos-gastronomicos,2026-06-10,2026-06-10,"Agrupacion de establecimientos por barrio, comuna y categoria inferida.","Si usa seed, la muestra no representa el universo de establecimientos.",si
Constitucion,1,Requiere validacion,Requiere validacion,2,6.67,datos reales,F01,https://data.buenosaires.gob.ar/dataset/oferta-establecimientos-gastronomicos,2026-06-10,2026-06-10,"Agrupacion de establecimientos por barrio, comuna y categoria inferida.","Si usa seed, la muestra no representa el universo de establecimientos.",si
Constitucion,1,Pasteleria,Pasteleria,1,3.33,datos reales,F01,https://data.buenosaires.gob.ar/dataset/oferta-establecimientos-gastronomicos,2026-06-10,2026-06-10,"Agrupacion de establecimientos por barrio, comuna y categoria inferida.","Si usa seed, la muestra no representa el universo de establecimientos.",si
Constitucion,1,Pizzeria,Pizzeria,1,3.33,datos reales,F01,https://data.buenosaires.gob.ar/dataset/oferta-establecimientos-gastronomicos,2026-06-10,2026-06-10,"Agrupacion de establecimientos por barrio, comuna y categoria inferida.","Si usa seed, la muestra no representa el universo de establecimientos.",si
Flores,7,Restaurante,Restaurante,42,49.41,datos reales,F01,https://data.buenosaires.gob.ar/dataset/oferta-establecimientos-gastronomicos,2026-06-10,2026-06-10,"Agrupacion de establecimientos por barrio, comuna y categoria inferida.","Si usa seed, la muestra no representa el universo de establecimientos.",si
Flores,7,Cafe,Cafe,16,18.82,datos reales,F01,https://data.buenosaires.gob.ar/dataset/oferta-establecimientos-gastronomicos,2026-06-10,2026-06-10,"Agrupacion de establecimientos por barrio, comuna y categoria inferida.","Si usa seed, la muestra no representa el universo de establecimientos.",si
Flores,7,Bar,Bar,9,10.59,datos reales,F01,https://data.buenosaires.gob.ar/dataset/oferta-establecimientos-gastronomicos,2026-06-10,2026-06-10,"Agrupacion de establecimientos por barrio, comuna y categoria inferida.","Si usa seed, la muestra no representa el universo de establecimientos.",si
Flores,7,Requiere validacion,Requiere validacion,7,8.24,datos reales,F01,https://data.buenosaires.gob.ar/dataset/oferta-establecimientos-gastronomicos,2026-06-10,2026-06-10,"Agrupacion de establecimientos por barrio, comuna y categoria inferida.","Si usa seed, la muestra no representa el universo de establecimientos.",si
Flores,7,Pizzeria,Pizzeria,5,5.88,datos reales,F01,https://data.buenosaires.gob.ar/dataset/oferta-establecimientos-gastronomicos,2026-06-10,2026-06-10,"Agrupacion de establecimientos por barrio, comuna y categoria inferida.","Si usa seed, la muestra no representa el universo de establecimientos.",si
Flores,7,Pasteleria,Pasteleria,4,4.71,datos reales,F01,https://data.buenosaires.gob.ar/dataset/oferta-establecimientos-gastronomicos,2026-06-10,2026-06-10,"Agrupacion de establecimientos por barrio, comuna y categoria inferida.","Si usa seed, la muestra no representa el universo de establecimientos.",si
Flores,7,No gastronomico,No gastronomico,1,1.18,datos reales,F01,https://data.buenosaires.gob.ar/dataset/oferta-establecimientos-gastronomicos,2026-06-10,2026-06-10,"Agrupacion de establecimientos por barrio, comuna y categoria inferida.","Si usa seed, la muestra no representa el universo de establecimientos.",si
Flores,7,Parrilla,Parrilla,1,1.18,datos reales,F01,https://data.buenosaires.gob.ar/dataset/oferta-establecimientos-gastronomicos,2026-06-10,2026-06-10,"Agrupacion de establecimientos por barrio, comuna y categoria inferida.","Si usa seed, la muestra no representa el universo de establecimientos.",si
Floresta,10,Restaurante,Restaurante,10,76.92,datos reales,F01,https://data.buenosaires.gob.ar/dataset/oferta-establecimientos-gastronomicos,2026-06-10,2026-06-10,"Agrupacion de establecimientos por barrio, comuna y categoria inferida.","Si usa seed, la muestra no representa el universo de establecimientos.",si
Floresta,10,Pasteleria,Pasteleria,2,15.38,datos reales,F01,https://data.buenosaires.gob.ar/dataset/oferta-establecimientos-gastronomicos,2026-06-10,2026-06-10,"Agrupacion de establecimientos por barrio, comuna y categoria inferida.","Si usa seed, la muestra no representa el universo de establecimientos.",si
Floresta,10,Bar,Bar,1,7.69,datos reales,F01,https://data.buenosaires.gob.ar/dataset/oferta-establecimientos-gastronomicos,2026-06-10,2026-06-10,"Agrupacion de establecimientos por barrio, comuna y categoria inferida.","Si usa seed, la muestra no representa el universo de establecimientos.",si
Liniers,9,Restaurante,Restaurante,16,76.19,datos reales,F01,https://data.buenosaires.gob.ar/dataset/oferta-establecimientos-gastronomicos,2026-06-10,2026-06-10,"Agrupacion de establecimientos por barrio, comuna y categoria inferida.","Si usa seed, la muestra no representa el universo de establecimientos.",si
Liniers,9,Pizzeria,Pizzeria,3,14.29,datos reales,F01,https://data.buenosaires.gob.ar/dataset/oferta-establecimientos-gastronomicos,2026-06-10,2026-06-10,"Agrupacion de establecimientos por barrio, comuna y categoria inferida.","Si usa seed, la muestra no representa el universo de establecimientos.",si
Liniers,9,Bar,Bar,2,9.52,datos reales,F01,https://data.buenosaires.gob.ar/dataset/oferta-establecimientos-gastronomicos,2026-06-10,2026-06-10,"Agrupacion de establecimientos por barrio, comuna y categoria inferida.","Si usa seed, la muestra no representa el universo de establecimientos.",si
Mataderos,9,Restaurante,Restaurante,22,64.71,datos reales,F01,https://data.buenosaires.gob.ar/dataset/oferta-establecimientos-gastronomicos,2026-06-10,2026-06-10,"Agrupacion de establecimientos por barrio, comuna y categoria inferida.","Si usa seed, la muestra no representa el universo de establecimientos.",si
Mataderos,9,Bar,Bar,9,26.47,datos reales,F01,https://data.buenosaires.gob.ar/dataset/oferta-establecimientos-gastronomicos,2026-06-10,2026-06-10,"Agrupacion de establecimientos por barrio, comuna y categoria inferida.","Si usa seed, la muestra no representa el universo de establecimientos.",si
Mataderos,9,Cafe,Cafe,1,2.94,datos reales,F01,https://data.buenosaires.gob.ar/dataset/oferta-establecimientos-gastronomicos,2026-06-10,2026-06-10,"Agrupacion de establecimientos por barrio, comuna y categoria inferida.","Si usa seed, la muestra no representa el universo de establecimientos.",si
Mataderos,9,Parrilla,Parrilla,1,2.94,datos reales,F01,https://data.buenosaires.gob.ar/dataset/oferta-establecimientos-gastronomicos,2026-06-10,2026-06-10,"Agrupacion de establecimientos por barrio, comuna y categoria inferida.","Si usa seed, la muestra no representa el universo de establecimientos.",si
Mataderos,9,Requiere validacion,Requiere validacion,1,2.94,datos reales,F01,https://data.buenosaires.gob.ar/dataset/oferta-establecimientos-gastronomicos,2026-06-10,2026-06-10,"Agrupacion de establecimientos por barrio, comuna y categoria inferida.","Si usa seed, la muestra no representa el universo de establecimientos.",si
Monserrat,1,Restaurante,Restaurante,87,58.39,datos reales,F01,https://data.buenosaires.gob.ar/dataset/oferta-establecimientos-gastronomicos,2026-06-10,2026-06-10,"Agrupacion de establecimientos por barrio, comuna y categoria inferida.","Si usa seed, la muestra no representa el universo de establecimientos.",si
Monserrat,1,Cafe,Cafe,34,22.82,datos reales,F01,https://data.buenosaires.gob.ar/dataset/oferta-establecimientos-gastronomicos,2026-06-10,2026-06-10,"Agrupacion de establecimientos por barrio, comuna y categoria inferida.","Si usa seed, la muestra no representa el universo de establecimientos.",si
Monserrat,1,Bar,Bar,21,14.09,datos reales,F01,https://data.buenosaires.gob.ar/dataset/oferta-establecimientos-gastronomicos,2026-06-10,2026-06-10,"Agrupacion de establecimientos por barrio, comuna y categoria inferida.","Si usa seed, la muestra no representa el universo de establecimientos.",si
Monserrat,1,Requiere validacion,Requiere validacion,3,2.01,datos reales,F01,https://data.buenosaires.gob.ar/dataset/oferta-establecimientos-gastronomicos,2026-06-10,2026-06-10,"Agrupacion de establecimientos por barrio, comuna y categoria inferida.","Si usa seed, la muestra no representa el universo de establecimientos.",si
Monserrat,1,Parrilla,Parrilla,2,1.34,datos reales,F01,https://data.buenosaires.gob.ar/dataset/oferta-establecimientos-gastronomicos,2026-06-10,2026-06-10,"Agrupacion de establecimientos por barrio, comuna y categoria inferida.","Si usa seed, la muestra no representa el universo de establecimientos.",si
Monserrat,1,Pasteleria,Pasteleria,1,0.67,datos reales,F01,https://data.buenosaires.gob.ar/dataset/oferta-establecimientos-gastronomicos,2026-06-10,2026-06-10,"Agrupacion de establecimientos por barrio, comuna y categoria inferida.","Si usa seed, la muestra no representa el universo de establecimientos.",si
Monserrat,1,Pizzeria,Pizzeria,1,0.67,datos reales,F01,https://data.buenosaires.gob.ar/dataset/oferta-establecimientos-gastronomicos,2026-06-10,2026-06-10,"Agrupacion de establecimientos por barrio, comuna y categoria inferida.","Si usa seed, la muestra no representa el universo de establecimientos.",si
Monte Castro,10,Restaurante,Restaurante,9,60.0,datos reales,F01,https://data.buenosaires.gob.ar/dataset/oferta-establecimientos-gastronomicos,2026-06-10,2026-06-10,"Agrupacion de establecimientos por barrio, comuna y categoria inferida.","Si usa seed, la muestra no representa el universo de establecimientos.",si
Monte Castro,10,Pasteleria,Pasteleria,3,20.0,datos reales,F01,https://data.buenosaires.gob.ar/dataset/oferta-establecimientos-gastronomicos,2026-06-10,2026-06-10,"Agrupacion de establecimientos por barrio, comuna y categoria inferida.","Si usa seed, la muestra no representa el universo de establecimientos.",si
Monte Castro,10,Bar,Bar,1,6.67,datos reales,F01,https://data.buenosaires.gob.ar/dataset/oferta-establecimientos-gastronomicos,2026-06-10,2026-06-10,"Agrupacion de establecimientos por barrio, comuna y categoria inferida.","Si usa seed, la muestra no representa el universo de establecimientos.",si
Monte Castro,10,No gastronomico,No gastronomico,1,6.67,datos reales,F01,https://data.buenosaires.gob.ar/dataset/oferta-establecimientos-gastronomicos,2026-06-10,2026-06-10,"Agrupacion de establecimientos por barrio, comuna y categoria inferida.","Si usa seed, la muestra no representa el universo de establecimientos.",si
Monte Castro,10,Pizzeria,Pizzeria,1,6.67,datos reales,F01,https://data.buenosaires.gob.ar/dataset/oferta-establecimientos-gastronomicos,2026-06-10,2026-06-10,"Agrupacion de establecimientos por barrio, comuna y categoria inferida.","Si usa seed, la muestra no representa el universo de establecimientos.",si
No determinado,No determinada,Restaurante,Restaurante,29,55.77,datos reales,F01,https://data.buenosaires.gob.ar/dataset/oferta-establecimientos-gastronomicos,2026-06-10,2026-06-10,"Agrupacion de establecimientos por barrio, comuna y categoria inferida.","Si usa seed, la muestra no representa el universo de establecimientos.",si
No determinado,No determinada,Bar,Bar,13,25.0,datos reales,F01,https://data.buenosaires.gob.ar/dataset/oferta-establecimientos-gastronomicos,2026-06-10,2026-06-10,"Agrupacion de establecimientos por barrio, comuna y categoria inferida.","Si usa seed, la muestra no representa el universo de establecimientos.",si
No determinado,No determinada,Cafe,Cafe,8,15.38,datos reales,F01,https://data.buenosaires.gob.ar/dataset/oferta-establecimientos-gastronomicos,2026-06-10,2026-06-10,"Agrupacion de establecimientos por barrio, comuna y categoria inferida.","Si usa seed, la muestra no representa el universo de establecimientos.",si
No determinado,No determinada,Comida al paso,Comida al paso,1,1.92,datos reales,F01,https://data.buenosaires.gob.ar/dataset/oferta-establecimientos-gastronomicos,2026-06-10,2026-06-10,"Agrupacion de establecimientos por barrio, comuna y categoria inferida.","Si usa seed, la muestra no representa el universo de establecimientos.",si
No determinado,No determinada,Pizzeria,Pizzeria,1,1.92,datos reales,F01,https://data.buenosaires.gob.ar/dataset/oferta-establecimientos-gastronomicos,2026-06-10,2026-06-10,"Agrupacion de establecimientos por barrio, comuna y categoria inferida.","Si usa seed, la muestra no representa el universo de establecimientos.",si
Nueva Pompeya,4,Restaurante,Restaurante,9,75.0,datos reales,F01,https://data.buenosaires.gob.ar/dataset/oferta-establecimientos-gastronomicos,2026-06-10,2026-06-10,"Agrupacion de establecimientos por barrio, comuna y categoria inferida.","Si usa seed, la muestra no representa el universo de establecimientos.",si
Nueva Pompeya,4,Cafe,Cafe,2,16.67,datos reales,F01,https://data.buenosaires.gob.ar/dataset/oferta-establecimientos-gastronomicos,2026-06-10,2026-06-10,"Agrupacion de establecimientos por barrio, comuna y categoria inferida.","Si usa seed, la muestra no representa el universo de establecimientos.",si
Nueva Pompeya,4,Pizzeria,Pizzeria,1,8.33,datos reales,F01,https://data.buenosaires.gob.ar/dataset/oferta-establecimientos-gastronomicos,2026-06-10,2026-06-10,"Agrupacion de establecimientos por barrio, comuna y categoria inferida.","Si usa seed, la muestra no representa el universo de establecimientos.",si
Nunez,13,Restaurante,Restaurante,14,50.0,datos reales,F01,https://data.buenosaires.gob.ar/dataset/oferta-establecimientos-gastronomicos,2026-06-10,2026-06-10,"Agrupacion de establecimientos por barrio, comuna y categoria inferida.","Si usa seed, la muestra no representa el universo de establecimientos.",si
Nunez,13,Cafe,Cafe,8,28.57,datos reales,F01,https://data.buenosaires.gob.ar/dataset/oferta-establecimientos-gastronomicos,2026-06-10,2026-06-10,"Agrupacion de establecimientos por barrio, comuna y categoria inferida.","Si usa seed, la muestra no representa el universo de establecimientos.",si
Nunez,13,Bar,Bar,6,21.43,datos reales,F01,https://data.buenosaires.gob.ar/dataset/oferta-establecimientos-gastronomicos,2026-06-10,2026-06-10,"Agrupacion de establecimientos por barrio, comuna y categoria inferida.","Si usa seed, la muestra no representa el universo de establecimientos.",si
Palermo,14,Restaurante,Restaurante,342,73.08,datos reales,F01,https://data.buenosaires.gob.ar/dataset/oferta-establecimientos-gastronomicos,2026-06-10,2026-06-10,"Agrupacion de establecimientos por barrio, comuna y categoria inferida.","Si usa seed, la muestra no representa el universo de establecimientos.",si
Palermo,14,Bar,Bar,71,15.17,datos reales,F01,https://data.buenosaires.gob.ar/dataset/oferta-establecimientos-gastronomicos,2026-06-10,2026-06-10,"Agrupacion de establecimientos por barrio, comuna y categoria inferida.","Si usa seed, la muestra no representa el universo de establecimientos.",si
Palermo,14,Cafe,Cafe,28,5.98,datos reales,F01,https://data.buenosaires.gob.ar/dataset/oferta-establecimientos-gastronomicos,2026-06-10,2026-06-10,"Agrupacion de establecimientos por barrio, comuna y categoria inferida.","Si usa seed, la muestra no representa el universo de establecimientos.",si
Palermo,14,Requiere validacion,Requiere validacion,10,2.14,datos reales,F01,https://data.buenosaires.gob.ar/dataset/oferta-establecimientos-gastronomicos,2026-06-10,2026-06-10,"Agrupacion de establecimientos por barrio, comuna y categoria inferida.","Si usa seed, la muestra no representa el universo de establecimientos.",si
Palermo,14,Pasteleria,Pasteleria,7,1.5,datos reales,F01,https://data.buenosaires.gob.ar/dataset/oferta-establecimientos-gastronomicos,2026-06-10,2026-06-10,"Agrupacion de establecimientos por barrio, comuna y categoria inferida.","Si usa seed, la muestra no representa el universo de establecimientos.",si
Palermo,14,Pizzeria,Pizzeria,7,1.5,datos reales,F01,https://data.buenosaires.gob.ar/dataset/oferta-establecimientos-gastronomicos,2026-06-10,2026-06-10,"Agrupacion de establecimientos por barrio, comuna y categoria inferida.","Si usa seed, la muestra no representa el universo de establecimientos.",si
Palermo,14,Parrilla,Parrilla,2,0.43,datos reales,F01,https://data.buenosaires.gob.ar/dataset/oferta-establecimientos-gastronomicos,2026-06-10,2026-06-10,"Agrupacion de establecimientos por barrio, comuna y categoria inferida.","Si usa seed, la muestra no representa el universo de establecimientos.",si
Palermo,14,Comida al paso,Comida al paso,1,0.21,datos reales,F01,https://data.buenosaires.gob.ar/dataset/oferta-establecimientos-gastronomicos,2026-06-10,2026-06-10,"Agrupacion de establecimientos por barrio, comuna y categoria inferida.","Si usa seed, la muestra no representa el universo de establecimientos.",si
Parque Avellaneda,9,Restaurante,Restaurante,8,57.14,datos reales,F01,https://data.buenosaires.gob.ar/dataset/oferta-establecimientos-gastronomicos,2026-06-10,2026-06-10,"Agrupacion de establecimientos por barrio, comuna y categoria inferida.","Si usa seed, la muestra no representa el universo de establecimientos.",si
Parque Avellaneda,9,Cafe,Cafe,5,35.71,datos reales,F01,https://data.buenosaires.gob.ar/dataset/oferta-establecimientos-gastronomicos,2026-06-10,2026-06-10,"Agrupacion de establecimientos por barrio, comuna y categoria inferida.","Si usa seed, la muestra no representa el universo de establecimientos.",si
Parque Avellaneda,9,Bar,Bar,1,7.14,datos reales,F01,https://data.buenosaires.gob.ar/dataset/oferta-establecimientos-gastronomicos,2026-06-10,2026-06-10,"Agrupacion de establecimientos por barrio, comuna y categoria inferida.","Si usa seed, la muestra no representa el universo de establecimientos.",si
Parque Chacabuco,7,Restaurante,Restaurante,15,100.0,datos reales,F01,https://data.buenosaires.gob.ar/dataset/oferta-establecimientos-gastronomicos,2026-06-10,2026-06-10,"Agrupacion de establecimientos por barrio, comuna y categoria inferida.","Si usa seed, la muestra no representa el universo de establecimientos.",si
Parque Patricios,4,Restaurante,Restaurante,26,70.27,datos reales,F01,https://data.buenosaires.gob.ar/dataset/oferta-establecimientos-gastronomicos,2026-06-10,2026-06-10,"Agrupacion de establecimientos por barrio, comuna y categoria inferida.","Si usa seed, la muestra no representa el universo de establecimientos.",si
Parque Patricios,4,Pasteleria,Pasteleria,4,10.81,datos reales,F01,https://data.buenosaires.gob.ar/dataset/oferta-establecimientos-gastronomicos,2026-06-10,2026-06-10,"Agrupacion de establecimientos por barrio, comuna y categoria inferida.","Si usa seed, la muestra no representa el universo de establecimientos.",si
Parque Patricios,4,Cafe,Cafe,3,8.11,datos reales,F01,https://data.buenosaires.gob.ar/dataset/oferta-establecimientos-gastronomicos,2026-06-10,2026-06-10,"Agrupacion de establecimientos por barrio, comuna y categoria inferida.","Si usa seed, la muestra no representa el universo de establecimientos.",si
Parque Patricios,4,Bar,Bar,2,5.41,datos reales,F01,https://data.buenosaires.gob.ar/dataset/oferta-establecimientos-gastronomicos,2026-06-10,2026-06-10,"Agrupacion de establecimientos por barrio, comuna y categoria inferida.","Si usa seed, la muestra no representa el universo de establecimientos.",si
Parque Patricios,4,Parrilla,Parrilla,1,2.7,datos reales,F01,https://data.buenosaires.gob.ar/dataset/oferta-establecimientos-gastronomicos,2026-06-10,2026-06-10,"Agrupacion de establecimientos por barrio, comuna y categoria inferida.","Si usa seed, la muestra no representa el universo de establecimientos.",si
Parque Patricios,4,Pizzeria,Pizzeria,1,2.7,datos reales,F01,https://data.buenosaires.gob.ar/dataset/oferta-establecimientos-gastronomicos,2026-06-10,2026-06-10,"Agrupacion de establecimientos por barrio, comuna y categoria inferida.","Si usa seed, la muestra no representa el universo de establecimientos.",si
Puerto Madero,1,Restaurante,Restaurante,42,87.5,datos reales,F01,https://data.buenosaires.gob.ar/dataset/oferta-establecimientos-gastronomicos,2026-06-10,2026-06-10,"Agrupacion de establecimientos por barrio, comuna y categoria inferida.","Si usa seed, la muestra no representa el universo de establecimientos.",si
Puerto Madero,1,Cafe,Cafe,4,8.33,datos reales,F01,https://data.buenosaires.gob.ar/dataset/oferta-establecimientos-gastronomicos,2026-06-10,2026-06-10,"Agrupacion de establecimientos por barrio, comuna y categoria inferida.","Si usa seed, la muestra no representa el universo de establecimientos.",si
Puerto Madero,1,Mercado,Mercado,1,2.08,datos reales,F01,https://data.buenosaires.gob.ar/dataset/oferta-establecimientos-gastronomicos,2026-06-10,2026-06-10,"Agrupacion de establecimientos por barrio, comuna y categoria inferida.","Si usa seed, la muestra no representa el universo de establecimientos.",si
Puerto Madero,1,Requiere validacion,Requiere validacion,1,2.08,datos reales,F01,https://data.buenosaires.gob.ar/dataset/oferta-establecimientos-gastronomicos,2026-06-10,2026-06-10,"Agrupacion de establecimientos por barrio, comuna y categoria inferida.","Si usa seed, la muestra no representa el universo de establecimientos.",si
Recoleta,2,Restaurante,Restaurante,211,64.53,datos reales,F01,https://data.buenosaires.gob.ar/dataset/oferta-establecimientos-gastronomicos,2026-06-10,2026-06-10,"Agrupacion de establecimientos por barrio, comuna y categoria inferida.","Si usa seed, la muestra no representa el universo de establecimientos.",si
Recoleta,2,Cafe,Cafe,73,22.32,datos reales,F01,https://data.buenosaires.gob.ar/dataset/oferta-establecimientos-gastronomicos,2026-06-10,2026-06-10,"Agrupacion de establecimientos por barrio, comuna y categoria inferida.","Si usa seed, la muestra no representa el universo de establecimientos.",si
Recoleta,2,Bar,Bar,26,7.95,datos reales,F01,https://data.buenosaires.gob.ar/dataset/oferta-establecimientos-gastronomicos,2026-06-10,2026-06-10,"Agrupacion de establecimientos por barrio, comuna y categoria inferida.","Si usa seed, la muestra no representa el universo de establecimientos.",si
Recoleta,2,Requiere validacion,Requiere validacion,8,2.45,datos reales,F01,https://data.buenosaires.gob.ar/dataset/oferta-establecimientos-gastronomicos,2026-06-10,2026-06-10,"Agrupacion de establecimientos por barrio, comuna y categoria inferida.","Si usa seed, la muestra no representa el universo de establecimientos.",si
Recoleta,2,Pizzeria,Pizzeria,5,1.53,datos reales,F01,https://data.buenosaires.gob.ar/dataset/oferta-establecimientos-gastronomicos,2026-06-10,2026-06-10,"Agrupacion de establecimientos por barrio, comuna y categoria inferida.","Si usa seed, la muestra no representa el universo de establecimientos.",si
Recoleta,2,Parrilla,Parrilla,2,0.61,datos reales,F01,https://data.buenosaires.gob.ar/dataset/oferta-establecimientos-gastronomicos,2026-06-10,2026-06-10,"Agrupacion de establecimientos por barrio, comuna y categoria inferida.","Si usa seed, la muestra no representa el universo de establecimientos.",si
Recoleta,2,Comida al paso,Comida al paso,1,0.31,datos reales,F01,https://data.buenosaires.gob.ar/dataset/oferta-establecimientos-gastronomicos,2026-06-10,2026-06-10,"Agrupacion de establecimientos por barrio, comuna y categoria inferida.","Si usa seed, la muestra no representa el universo de establecimientos.",si
Recoleta,2,Pasteleria,Pasteleria,1,0.31,datos reales,F01,https://data.buenosaires.gob.ar/dataset/oferta-establecimientos-gastronomicos,2026-06-10,2026-06-10,"Agrupacion de establecimientos por barrio, comuna y categoria inferida.","Si usa seed, la muestra no representa el universo de establecimientos.",si
Retiro,1,Restaurante,Restaurante,71,65.14,datos reales,F01,https://data.buenosaires.gob.ar/dataset/oferta-establecimientos-gastronomicos,2026-06-10,2026-06-10,"Agrupacion de establecimientos por barrio, comuna y categoria inferida.","Si usa seed, la muestra no representa el universo de establecimientos.",si
Retiro,1,Cafe,Cafe,17,15.6,datos reales,F01,https://data.buenosaires.gob.ar/dataset/oferta-establecimientos-gastronomicos,2026-06-10,2026-06-10,"Agrupacion de establecimientos por barrio, comuna y categoria inferida.","Si usa seed, la muestra no representa el universo de establecimientos.",si
Retiro,1,Bar,Bar,14,12.84,datos reales,F01,https://data.buenosaires.gob.ar/dataset/oferta-establecimientos-gastronomicos,2026-06-10,2026-06-10,"Agrupacion de establecimientos por barrio, comuna y categoria inferida.","Si usa seed, la muestra no representa el universo de establecimientos.",si
Retiro,1,Parrilla,Parrilla,2,1.83,datos reales,F01,https://data.buenosaires.gob.ar/dataset/oferta-establecimientos-gastronomicos,2026-06-10,2026-06-10,"Agrupacion de establecimientos por barrio, comuna y categoria inferida.","Si usa seed, la muestra no representa el universo de establecimientos.",si
Retiro,1,Pizzeria,Pizzeria,2,1.83,datos reales,F01,https://data.buenosaires.gob.ar/dataset/oferta-establecimientos-gastronomicos,2026-06-10,2026-06-10,"Agrupacion de establecimientos por barrio, comuna y categoria inferida.","Si usa seed, la muestra no representa el universo de establecimientos.",si
Retiro,1,Requiere validacion,Requiere validacion,2,1.83,datos reales,F01,https://data.buenosaires.gob.ar/dataset/oferta-establecimientos-gastronomicos,2026-06-10,2026-06-10,"Agrupacion de establecimientos por barrio, comuna y categoria inferida.","Si usa seed, la muestra no representa el universo de establecimientos.",si
Retiro,1,Pasteleria,Pasteleria,1,0.92,datos reales,F01,https://data.buenosaires.gob.ar/dataset/oferta-establecimientos-gastronomicos,2026-06-10,2026-06-10,"Agrupacion de establecimientos por barrio, comuna y categoria inferida.","Si usa seed, la muestra no representa el universo de establecimientos.",si
Saavedra,12,Restaurante,Restaurante,12,48.0,datos reales,F01,https://data.buenosaires.gob.ar/dataset/oferta-establecimientos-gastronomicos,2026-06-10,2026-06-10,"Agrupacion de establecimientos por barrio, comuna y categoria inferida.","Si usa seed, la muestra no representa el universo de establecimientos.",si
Saavedra,12,Cafe,Cafe,10,40.0,datos reales,F01,https://data.buenosaires.gob.ar/dataset/oferta-establecimientos-gastronomicos,2026-06-10,2026-06-10,"Agrupacion de establecimientos por barrio, comuna y categoria inferida.","Si usa seed, la muestra no representa el universo de establecimientos.",si
Saavedra,12,Bar,Bar,2,8.0,datos reales,F01,https://data.buenosaires.gob.ar/dataset/oferta-establecimientos-gastronomicos,2026-06-10,2026-06-10,"Agrupacion de establecimientos por barrio, comuna y categoria inferida.","Si usa seed, la muestra no representa el universo de establecimientos.",si
Saavedra,12,Parrilla,Parrilla,1,4.0,datos reales,F01,https://data.buenosaires.gob.ar/dataset/oferta-establecimientos-gastronomicos,2026-06-10,2026-06-10,"Agrupacion de establecimientos por barrio, comuna y categoria inferida.","Si usa seed, la muestra no representa el universo de establecimientos.",si
San Cristobal,3,Requiere validacion,Requiere validacion,7,77.78,datos reales,F01,https://data.buenosaires.gob.ar/dataset/oferta-establecimientos-gastronomicos,2026-06-10,2026-06-10,"Agrupacion de establecimientos por barrio, comuna y categoria inferida.","Si usa seed, la muestra no representa el universo de establecimientos.",si
San Cristobal,3,Parrilla,Parrilla,1,11.11,datos reales,F01,https://data.buenosaires.gob.ar/dataset/oferta-establecimientos-gastronomicos,2026-06-10,2026-06-10,"Agrupacion de establecimientos por barrio, comuna y categoria inferida.","Si usa seed, la muestra no representa el universo de establecimientos.",si
San Cristobal,3,Restaurante,Restaurante,1,11.11,datos reales,F01,https://data.buenosaires.gob.ar/dataset/oferta-establecimientos-gastronomicos,2026-06-10,2026-06-10,"Agrupacion de establecimientos por barrio, comuna y categoria inferida.","Si usa seed, la muestra no representa el universo de establecimientos.",si
San Nicolas,1,Restaurante,Restaurante,274,60.22,datos reales,F01,https://data.buenosaires.gob.ar/dataset/oferta-establecimientos-gastronomicos,2026-06-10,2026-06-10,"Agrupacion de establecimientos por barrio, comuna y categoria inferida.","Si usa seed, la muestra no representa el universo de establecimientos.",si
San Nicolas,1,Bar,Bar,74,16.26,datos reales,F01,https://data.buenosaires.gob.ar/dataset/oferta-establecimientos-gastronomicos,2026-06-10,2026-06-10,"Agrupacion de establecimientos por barrio, comuna y categoria inferida.","Si usa seed, la muestra no representa el universo de establecimientos.",si
San Nicolas,1,Cafe,Cafe,65,14.29,datos reales,F01,https://data.buenosaires.gob.ar/dataset/oferta-establecimientos-gastronomicos,2026-06-10,2026-06-10,"Agrupacion de establecimientos por barrio, comuna y categoria inferida.","Si usa seed, la muestra no representa el universo de establecimientos.",si
San Nicolas,1,Pasteleria,Pasteleria,22,4.84,datos reales,F01,https://data.buenosaires.gob.ar/dataset/oferta-establecimientos-gastronomicos,2026-06-10,2026-06-10,"Agrupacion de establecimientos por barrio, comuna y categoria inferida.","Si usa seed, la muestra no representa el universo de establecimientos.",si
San Nicolas,1,Pizzeria,Pizzeria,9,1.98,datos reales,F01,https://data.buenosaires.gob.ar/dataset/oferta-establecimientos-gastronomicos,2026-06-10,2026-06-10,"Agrupacion de establecimientos por barrio, comuna y categoria inferida.","Si usa seed, la muestra no representa el universo de establecimientos.",si
San Nicolas,1,Requiere validacion,Requiere validacion,9,1.98,datos reales,F01,https://data.buenosaires.gob.ar/dataset/oferta-establecimientos-gastronomicos,2026-06-10,2026-06-10,"Agrupacion de establecimientos por barrio, comuna y categoria inferida.","Si usa seed, la muestra no representa el universo de establecimientos.",si
San Nicolas,1,Catering,Catering,1,0.22,datos reales,F01,https://data.buenosaires.gob.ar/dataset/oferta-establecimientos-gastronomicos,2026-06-10,2026-06-10,"Agrupacion de establecimientos por barrio, comuna y categoria inferida.","Si usa seed, la muestra no representa el universo de establecimientos.",si
San Nicolas,1,Parrilla,Parrilla,1,0.22,datos reales,F01,https://data.buenosaires.gob.ar/dataset/oferta-establecimientos-gastronomicos,2026-06-10,2026-06-10,"Agrupacion de establecimientos por barrio, comuna y categoria inferida.","Si usa seed, la muestra no representa el universo de establecimientos.",si
San Telmo,1,Restaurante,Restaurante,46,57.5,datos reales,F01,https://data.buenosaires.gob.ar/dataset/oferta-establecimientos-gastronomicos,2026-06-10,2026-06-10,"Agrupacion de establecimientos por barrio, comuna y categoria inferida.","Si usa seed, la muestra no representa el universo de establecimientos.",si
San Telmo,1,Bar,Bar,24,30.0,datos reales,F01,https://data.buenosaires.gob.ar/dataset/oferta-establecimientos-gastronomicos,2026-06-10,2026-06-10,"Agrupacion de establecimientos por barrio, comuna y categoria inferida.","Si usa seed, la muestra no representa el universo de establecimientos.",si
San Telmo,1,Cafe,Cafe,4,5.0,datos reales,F01,https://data.buenosaires.gob.ar/dataset/oferta-establecimientos-gastronomicos,2026-06-10,2026-06-10,"Agrupacion de establecimientos por barrio, comuna y categoria inferida.","Si usa seed, la muestra no representa el universo de establecimientos.",si
San Telmo,1,Pasteleria,Pasteleria,2,2.5,datos reales,F01,https://data.buenosaires.gob.ar/dataset/oferta-establecimientos-gastronomicos,2026-06-10,2026-06-10,"Agrupacion de establecimientos por barrio, comuna y categoria inferida.","Si usa seed, la muestra no representa el universo de establecimientos.",si
San Telmo,1,Pizzeria,Pizzeria,2,2.5,datos reales,F01,https://data.buenosaires.gob.ar/dataset/oferta-establecimientos-gastronomicos,2026-06-10,2026-06-10,"Agrupacion de establecimientos por barrio, comuna y categoria inferida.","Si usa seed, la muestra no representa el universo de establecimientos.",si
San Telmo,1,No gastronomico,No gastronomico,1,1.25,datos reales,F01,https://data.buenosaires.gob.ar/dataset/oferta-establecimientos-gastronomicos,2026-06-10,2026-06-10,"Agrupacion de establecimientos por barrio, comuna y categoria inferida.","Si usa seed, la muestra no representa el universo de establecimientos.",si
San Telmo,1,Parrilla,Parrilla,1,1.25,datos reales,F01,https://data.buenosaires.gob.ar/dataset/oferta-establecimientos-gastronomicos,2026-06-10,2026-06-10,"Agrupacion de establecimientos por barrio, comuna y categoria inferida.","Si usa seed, la muestra no representa el universo de establecimientos.",si
Velez Sarsfield,10,Restaurante,Restaurante,12,100.0,datos reales,F01,https://data.buenosaires.gob.ar/dataset/oferta-establecimientos-gastronomicos,2026-06-10,2026-06-10,"Agrupacion de establecimientos por barrio, comuna y categoria inferida.","Si usa seed, la muestra no representa el universo de establecimientos.",si
Versalles,10,Restaurante,Restaurante,4,40.0,datos reales,F01,https://data.buenosaires.gob.ar/dataset/oferta-establecimientos-gastronomicos,2026-06-10,2026-06-10,"Agrupacion de establecimientos por barrio, comuna y categoria inferida.","Si usa seed, la muestra no representa el universo de establecimientos.",si
Versalles,10,Cafe,Cafe,2,20.0,datos reales,F01,https://data.buenosaires.gob.ar/dataset/oferta-establecimientos-gastronomicos,2026-06-10,2026-06-10,"Agrupacion de establecimientos por barrio, comuna y categoria inferida.","Si usa seed, la muestra no representa el universo de establecimientos.",si
Versalles,10,Pasteleria,Pasteleria,2,20.0,datos reales,F01,https://data.buenosaires.gob.ar/dataset/oferta-establecimientos-gastronomicos,2026-06-10,2026-06-10,"Agrupacion de establecimientos por barrio, comuna y categoria inferida.","Si usa seed, la muestra no representa el universo de establecimientos.",si
Versalles,10,Pizzeria,Pizzeria,1,10.0,datos reales,F01,https://data.buenosaires.gob.ar/dataset/oferta-establecimientos-gastronomicos,2026-06-10,2026-06-10,"Agrupacion de establecimientos por barrio, comuna y categoria inferida.","Si usa seed, la muestra no representa el universo de establecimientos.",si
Versalles,10,Requiere validacion,Requiere validacion,1,10.0,datos reales,F01,https://data.buenosaires.gob.ar/dataset/oferta-establecimientos-gastronomicos,2026-06-10,2026-06-10,"Agrupacion de establecimientos por barrio, comuna y categoria inferida.","Si usa seed, la muestra no representa el universo de establecimientos.",si
Villa Crespo,15,Restaurante,Restaurante,19,44.19,datos reales,F01,https://data.buenosaires.gob.ar/dataset/oferta-establecimientos-gastronomicos,2026-06-10,2026-06-10,"Agrupacion de establecimientos por barrio, comuna y categoria inferida.","Si usa seed, la muestra no representa el universo de establecimientos.",si
Villa Crespo,15,Requiere validacion,Requiere validacion,14,32.56,datos reales,F01,https://data.buenosaires.gob.ar/dataset/oferta-establecimientos-gastronomicos,2026-06-10,2026-06-10,"Agrupacion de establecimientos por barrio, comuna y categoria inferida.","Si usa seed, la muestra no representa el universo de establecimientos.",si
Villa Crespo,15,Bar,Bar,3,6.98,datos reales,F01,https://data.buenosaires.gob.ar/dataset/oferta-establecimientos-gastronomicos,2026-06-10,2026-06-10,"Agrupacion de establecimientos por barrio, comuna y categoria inferida.","Si usa seed, la muestra no representa el universo de establecimientos.",si
Villa Crespo,15,Cafe,Cafe,3,6.98,datos reales,F01,https://data.buenosaires.gob.ar/dataset/oferta-establecimientos-gastronomicos,2026-06-10,2026-06-10,"Agrupacion de establecimientos por barrio, comuna y categoria inferida.","Si usa seed, la muestra no representa el universo de establecimientos.",si
Villa Crespo,15,Pasteleria,Pasteleria,2,4.65,datos reales,F01,https://data.buenosaires.gob.ar/dataset/oferta-establecimientos-gastronomicos,2026-06-10,2026-06-10,"Agrupacion de establecimientos por barrio, comuna y categoria inferida.","Si usa seed, la muestra no representa el universo de establecimientos.",si
Villa Crespo,15,Pizzeria,Pizzeria,2,4.65,datos reales,F01,https://data.buenosaires.gob.ar/dataset/oferta-establecimientos-gastronomicos,2026-06-10,2026-06-10,"Agrupacion de establecimientos por barrio, comuna y categoria inferida.","Si usa seed, la muestra no representa el universo de establecimientos.",si
Villa Devoto,11,Restaurante,Restaurante,19,59.38,datos reales,F01,https://data.buenosaires.gob.ar/dataset/oferta-establecimientos-gastronomicos,2026-06-10,2026-06-10,"Agrupacion de establecimientos por barrio, comuna y categoria inferida.","Si usa seed, la muestra no representa el universo de establecimientos.",si
Villa Devoto,11,Bar,Bar,7,21.88,datos reales,F01,https://data.buenosaires.gob.ar/dataset/oferta-establecimientos-gastronomicos,2026-06-10,2026-06-10,"Agrupacion de establecimientos por barrio, comuna y categoria inferida.","Si usa seed, la muestra no representa el universo de establecimientos.",si
Villa Devoto,11,Cafe,Cafe,4,12.5,datos reales,F01,https://data.buenosaires.gob.ar/dataset/oferta-establecimientos-gastronomicos,2026-06-10,2026-06-10,"Agrupacion de establecimientos por barrio, comuna y categoria inferida.","Si usa seed, la muestra no representa el universo de establecimientos.",si
Villa Devoto,11,Requiere validacion,Requiere validacion,2,6.25,datos reales,F01,https://data.buenosaires.gob.ar/dataset/oferta-establecimientos-gastronomicos,2026-06-10,2026-06-10,"Agrupacion de establecimientos por barrio, comuna y categoria inferida.","Si usa seed, la muestra no representa el universo de establecimientos.",si
Villa Lugano,8,Bar,Bar,4,40.0,datos reales,F01,https://data.buenosaires.gob.ar/dataset/oferta-establecimientos-gastronomicos,2026-06-10,2026-06-10,"Agrupacion de establecimientos por barrio, comuna y categoria inferida.","Si usa seed, la muestra no representa el universo de establecimientos.",si
Villa Lugano,8,Cafe,Cafe,3,30.0,datos reales,F01,https://data.buenosaires.gob.ar/dataset/oferta-establecimientos-gastronomicos,2026-06-10,2026-06-10,"Agrupacion de establecimientos por barrio, comuna y categoria inferida.","Si usa seed, la muestra no representa el universo de establecimientos.",si
Villa Lugano,8,Pasteleria,Pasteleria,2,20.0,datos reales,F01,https://data.buenosaires.gob.ar/dataset/oferta-establecimientos-gastronomicos,2026-06-10,2026-06-10,"Agrupacion de establecimientos por barrio, comuna y categoria inferida.","Si usa seed, la muestra no representa el universo de establecimientos.",si
Villa Lugano,8,Pizzeria,Pizzeria,1,10.0,datos reales,F01,https://data.buenosaires.gob.ar/dataset/oferta-establecimientos-gastronomicos,2026-06-10,2026-06-10,"Agrupacion de establecimientos por barrio, comuna y categoria inferida.","Si usa seed, la muestra no representa el universo de establecimientos.",si
Villa Luro,10,Restaurante,Restaurante,2,66.67,datos reales,F01,https://data.buenosaires.gob.ar/dataset/oferta-establecimientos-gastronomicos,2026-06-10,2026-06-10,"Agrupacion de establecimientos por barrio, comuna y categoria inferida.","Si usa seed, la muestra no representa el universo de establecimientos.",si
Villa Luro,10,Cafe,Cafe,1,33.33,datos reales,F01,https://data.buenosaires.gob.ar/dataset/oferta-establecimientos-gastronomicos,2026-06-10,2026-06-10,"Agrupacion de establecimientos por barrio, comuna y categoria inferida.","Si usa seed, la muestra no representa el universo de establecimientos.",si
Villa Ortuzar,15,Restaurante,Restaurante,10,52.63,datos reales,F01,https://data.buenosaires.gob.ar/dataset/oferta-establecimientos-gastronomicos,2026-06-10,2026-06-10,"Agrupacion de establecimientos por barrio, comuna y categoria inferida.","Si usa seed, la muestra no representa el universo de establecimientos.",si
Villa Ortuzar,15,Bar,Bar,4,21.05,datos reales,F01,https://data.buenosaires.gob.ar/dataset/oferta-establecimientos-gastronomicos,2026-06-10,2026-06-10,"Agrupacion de establecimientos por barrio, comuna y categoria inferida.","Si usa seed, la muestra no representa el universo de establecimientos.",si
Villa Ortuzar,15,Cafe,Cafe,4,21.05,datos reales,F01,https://data.buenosaires.gob.ar/dataset/oferta-establecimientos-gastronomicos,2026-06-10,2026-06-10,"Agrupacion de establecimientos por barrio, comuna y categoria inferida.","Si usa seed, la muestra no representa el universo de establecimientos.",si
Villa Ortuzar,15,Requiere validacion,Requiere validacion,1,5.26,datos reales,F01,https://data.buenosaires.gob.ar/dataset/oferta-establecimientos-gastronomicos,2026-06-10,2026-06-10,"Agrupacion de establecimientos por barrio, comuna y categoria inferida.","Si usa seed, la muestra no representa el universo de establecimientos.",si
Villa Pueyrredon,12,Restaurante,Restaurante,9,69.23,datos reales,F01,https://data.buenosaires.gob.ar/dataset/oferta-establecimientos-gastronomicos,2026-06-10,2026-06-10,"Agrupacion de establecimientos por barrio, comuna y categoria inferida.","Si usa seed, la muestra no representa el universo de establecimientos.",si
Villa Pueyrredon,12,Bar,Bar,2,15.38,datos reales,F01,https://data.buenosaires.gob.ar/dataset/oferta-establecimientos-gastronomicos,2026-06-10,2026-06-10,"Agrupacion de establecimientos por barrio, comuna y categoria inferida.","Si usa seed, la muestra no representa el universo de establecimientos.",si
Villa Pueyrredon,12,Cafe,Cafe,2,15.38,datos reales,F01,https://data.buenosaires.gob.ar/dataset/oferta-establecimientos-gastronomicos,2026-06-10,2026-06-10,"Agrupacion de establecimientos por barrio, comuna y categoria inferida.","Si usa seed, la muestra no representa el universo de establecimientos.",si
Villa Real,10,Cafe,Cafe,2,50.0,datos reales,F01,https://data.buenosaires.gob.ar/dataset/oferta-establecimientos-gastronomicos,2026-06-10,2026-06-10,"Agrupacion de establecimientos por barrio, comuna y categoria inferida.","Si usa seed, la muestra no representa el universo de establecimientos.",si
Villa Real,10,Requiere validacion,Requiere validacion,2,50.0,datos reales,F01,https://data.buenosaires.gob.ar/dataset/oferta-establecimientos-gastronomicos,2026-06-10,2026-06-10,"Agrupacion de establecimientos por barrio, comuna y categoria inferida.","Si usa seed, la muestra no representa el universo de establecimientos.",si
Villa Riachuelo,8,Restaurante,Restaurante,4,66.67,datos reales,F01,https://data.buenosaires.gob.ar/dataset/oferta-establecimientos-gastronomicos,2026-06-10,2026-06-10,"Agrupacion de establecimientos por barrio, comuna y categoria inferida.","Si usa seed, la muestra no representa el universo de establecimientos.",si
Villa Riachuelo,8,Cafe,Cafe,2,33.33,datos reales,F01,https://data.buenosaires.gob.ar/dataset/oferta-establecimientos-gastronomicos,2026-06-10,2026-06-10,"Agrupacion de establecimientos por barrio, comuna y categoria inferida.","Si usa seed, la muestra no representa el universo de establecimientos.",si
Villa Santa Rita,11,Restaurante,Restaurante,3,75.0,datos reales,F01,https://data.buenosaires.gob.ar/dataset/oferta-establecimientos-gastronomicos,2026-06-10,2026-06-10,"Agrupacion de establecimientos por barrio, comuna y categoria inferida.","Si usa seed, la muestra no representa el universo de establecimientos.",si
Villa Santa Rita,11,Cafe,Cafe,1,25.0,datos reales,F01,https://data.buenosaires.gob.ar/dataset/oferta-establecimientos-gastronomicos,2026-06-10,2026-06-10,"Agrupacion de establecimientos por barrio, comuna y categoria inferida.","Si usa seed, la muestra no representa el universo de establecimientos.",si
Villa Soldati,8,Cafe,Cafe,2,100.0,datos reales,F01,https://data.buenosaires.gob.ar/dataset/oferta-establecimientos-gastronomicos,2026-06-10,2026-06-10,"Agrupacion de establecimientos por barrio, comuna y categoria inferida.","Si usa seed, la muestra no representa el universo de establecimientos.",si
Villa Urquiza,12,Restaurante,Restaurante,10,38.46,datos reales,F01,https://data.buenosaires.gob.ar/dataset/oferta-establecimientos-gastronomicos,2026-06-10,2026-06-10,"Agrupacion de establecimientos por barrio, comuna y categoria inferida.","Si usa seed, la muestra no representa el universo de establecimientos.",si
Villa Urquiza,12,Pizzeria,Pizzeria,5,19.23,datos reales,F01,https://data.buenosaires.gob.ar/dataset/oferta-establecimientos-gastronomicos,2026-06-10,2026-06-10,"Agrupacion de establecimientos por barrio, comuna y categoria inferida.","Si usa seed, la muestra no representa el universo de establecimientos.",si
Villa Urquiza,12,Requiere validacion,Requiere validacion,5,19.23,datos reales,F01,https://data.buenosaires.gob.ar/dataset/oferta-establecimientos-gastronomicos,2026-06-10,2026-06-10,"Agrupacion de establecimientos por barrio, comuna y categoria inferida.","Si usa seed, la muestra no representa el universo de establecimientos.",si
Villa Urquiza,12,Bar,Bar,4,15.38,datos reales,F01,https://data.buenosaires.gob.ar/dataset/oferta-establecimientos-gastronomicos,2026-06-10,2026-06-10,"Agrupacion de establecimientos por barrio, comuna y categoria inferida.","Si usa seed, la muestra no representa el universo de establecimientos.",si
Villa Urquiza,12,Cafe,Cafe,1,3.85,datos reales,F01,https://data.buenosaires.gob.ar/dataset/oferta-establecimientos-gastronomicos,2026-06-10,2026-06-10,"Agrupacion de establecimientos por barrio, comuna y categoria inferida.","Si usa seed, la muestra no representa el universo de establecimientos.",si
Villa Urquiza,12,Parrilla,Parrilla,1,3.85,datos reales,F01,https://data.buenosaires.gob.ar/dataset/oferta-establecimientos-gastronomicos,2026-06-10,2026-06-10,"Agrupacion de establecimientos por barrio, comuna y categoria inferida.","Si usa seed, la muestra no representa el universo de establecimientos.",si
Villa del Parque,11,Restaurante,Restaurante,5,55.56,datos reales,F01,https://data.buenosaires.gob.ar/dataset/oferta-establecimientos-gastronomicos,2026-06-10,2026-06-10,"Agrupacion de establecimientos por barrio, comuna y categoria inferida.","Si usa seed, la muestra no representa el universo de establecimientos.",si
Villa del Parque,11,Bar,Bar,2,22.22,datos reales,F01,https://data.buenosaires.gob.ar/dataset/oferta-establecimientos-gastronomicos,2026-06-10,2026-06-10,"Agrupacion de establecimientos por barrio, comuna y categoria inferida.","Si usa seed, la muestra no representa el universo de establecimientos.",si
Villa del Parque,11,Pizzeria,Pizzeria,2,22.22,datos reales,F01,https://data.buenosaires.gob.ar/dataset/oferta-establecimientos-gastronomicos,2026-06-10,2026-06-10,"Agrupacion de establecimientos por barrio, comuna y categoria inferida.","Si usa seed, la muestra no representa el universo de establecimientos.",si
