archivo,ruta,capa,tamano_bytes,encoding,separador,filas,columnas_cantidad,columnas,nulos_por_columna_pct,duplicados,campos_geograficos,campos_temporales,posible_mojibake_celdas_muestra,valores_problematicos_frecuentes,tipo_estimado,recomendacion_uso
f01_oferta_establecimientos_gastronomicos.csv,C:\proyectos\Gastronomia\DataGastro\data\raw\f01_oferta_establecimientos_gastronomicos.csv,raw_real,438717,Windows-1252,';',2823,18,long | lat | id | nombre | categoria | cocina | ambientacion | telefono | mail | horario | calle_nombre | calle_altura | calle_cruce | direccion_completa | barrio | comuna | codigo_postal | codigo_postal_argentino,long:0.0 | lat:0.0 | id:0.0 | nombre:0.0 | categoria:4.11 | cocina:12.72 | ambientacion:19.8 | telefono:18.42 | mail:83.28 | horario:74.32 | calle_nombre:0.0 | calle_altura:0.0 | calle_cruce:99.79 | direccion_completa:0.04 | barrio:0.0 | comuna:0.0 | codigo_postal:2.02 | codigo_postal_argentino:2.34,0,long | lat | calle_nombre | calle_altura | calle_cruce | direccion_completa | barrio | comuna,,238,nombre=LA CIG�EÑA (1); nombre=OTTO G�RGUELL (1); categoria=<vacio> (116); cocina=<vacio> (359); cocina=PANQUEQUERÃ?A (3); ambientacion=<vacio> (559); telefono=<vacio> (520); mail=<vacio> (2351); horario=<vacio> (2098); calle_cruce=<vacio> (2817); direccion_completa=<vacio> (1); codigo_postal=<vacio> (57),dataset completo probable,usar como insumo real luego de validar columnas y FKs; corregir mojibake
f02_habilitaciones_aprobadas_2015_2018.csv,C:\proyectos\Gastronomia\DataGastro\data\raw\f02_habilitaciones_aprobadas_2015_2018.csv,raw_real,32881680,UTF-8-SIG,';',137463,18,solicitud | tipo_tramite | tipo_expediente | subtipo_expediente | fecha_habilitacion | numero_expediente | codigo_rubro | descripcion_rubro | superficie | seccion | manzana | parcela | partida_matriz | partida_horizontal | calles | unidad_funcional | titulares | cuits,solicitud:0.0 | tipo_tramite:0.0 | tipo_expediente:0.0 | subtipo_expediente:0.0 | fecha_habilitacion:1.35 | numero_expediente:0.0 | codigo_rubro:0.0 | descripcion_rubro:0.0 | superficie:0.0 | seccion:0.08 | manzana:0.09 | parcela:0.09 | partida_matriz:0.12 | partida_horizontal:43.33 | calles:0.07 | unidad_funcional:43.24 | titulares:0.0 | cuits:0.0,0,calles,fecha_habilitacion,0,partida_matriz=<vacio> (1); partida_horizontal=<vacio> (1887); calles=<vacio> (1); unidad_funcional=<vacio> (1886),dataset completo probable,usar como insumo real luego de validar columnas y FKs
f02_habilitaciones_aprobadas_2019.csv,C:\proyectos\Gastronomia\DataGastro\data\raw\f02_habilitaciones_aprobadas_2019.csv,raw_real,5865760,UTF-8-SIG,';',23203,19,solicitud | tipo_tramite | tipo_expediente | subtipo_expediente | superficie | fecha_habilitacion | hora_habilitacion | numero_expediente | codigo_rubro | descripcion_rubro | unidad_funcional | seccion | manzana | parcela | partida_matriz | partida_horizontal | calles | titulares | cuits,solicitud:0.0 | tipo_tramite:0.0 | tipo_expediente:0.0 | subtipo_expediente:0.94 | superficie:0.0 | fecha_habilitacion:0.0 | hora_habilitacion:0.0 | numero_expediente:2.19 | codigo_rubro:0.0 | descripcion_rubro:0.0 | unidad_funcional:44.18 | seccion:0.12 | manzana:0.12 | parcela:0.12 | partida_matriz:0.44 | partida_horizontal:44.31 | calles:0.05 | titulares:0.0 | cuits:0.0,4342,calles,fecha_habilitacion,0,numero_expediente=<vacio> (340); unidad_funcional=<vacio> (2382); seccion=<vacio> (9); manzana=<vacio> (9); parcela=<vacio> (9); partida_matriz=<vacio> (25); partida_horizontal=<vacio> (2393); calles=<vacio> (1),dataset completo probable,usar como insumo real luego de validar columnas y FKs
f02_habilitaciones_aprobadas_2020.csv,C:\proyectos\Gastronomia\DataGastro\data\raw\f02_habilitaciones_aprobadas_2020.csv,raw_real,3762083,UTF-8-SIG,';',12938,21,Solicitud | TipoTramite | TipoExpediente | SubTipoExpediente | Superficie | FechaHabilitacion | HoraHabilitacion | NumeroExp | CodigoRubro | DescripcionRubro | CodigoSubRubro | DescripcionSubRubro | UnidadFuncional | Seccion | Manzana | Parcela | Partida_Matriz | PartidaHorizontal | Calles | Titulares | Cuits,Solicitud:0.0 | TipoTramite:0.0 | TipoExpediente:0.0 | SubTipoExpediente:0.0 | Superficie:0.0 | FechaHabilitacion:0.0 | HoraHabilitacion:0.0 | NumeroExp:0.18 | CodigoRubro:0.0 | DescripcionRubro:0.0 | CodigoSubRubro:40.9 | DescripcionSubRubro:40.9 | UnidadFuncional:46.48 | Seccion:0.19 | Manzana:0.19 | Parcela:0.19 | Partida_Matriz:0.73 | PartidaHorizontal:46.71 | Calles:0.0 | Titulares:0.0 | Cuits:0.0,232,Calles,FechaHabilitacion,0,NumeroExp=<vacio> (7); CodigoSubRubro=<vacio> (2126); DescripcionSubRubro=<vacio> (2126); UnidadFuncional=<vacio> (2382); Seccion=<vacio> (24); Manzana=<vacio> (24); Parcela=<vacio> (24); Partida_Matriz=<vacio> (47); PartidaHorizontal=<vacio> (2407),dataset completo probable,usar como insumo real luego de validar columnas y FKs
f02_habilitaciones_aprobadas_2021.csv,C:\proyectos\Gastronomia\DataGastro\data\raw\f02_habilitaciones_aprobadas_2021.csv,raw_real,27974706,UTF-8-SIG,';',31829,609,Solicitud | TipoTramite | TipoExpediente | SubTipoExpediente | Superficie | FechaHabilitacion | HoraHabilitacion | NumeroExp | CodigoRubro | DescripcionRubro | CodigoSubRubro | DescripcionSubRubro | UnidadFuncional | Seccion | Manzana | Parcela | Partida_Matriz | PartidaHorizontal | Calles | Titulares | Cuits | Unnamed: 21 | Unnamed: 22 | Unnamed: 23 | Unnamed: 24 | Unnamed: 25 | Unnamed: 26 | Unnamed: 27 | Unnamed: 28 | Unnamed: 29 | Unnamed: 30 | Unnamed: 31 | Unnamed: 32 | Unnamed: 33 | Unnamed: 34 | Unnamed: 35 | Unnamed: 36 | Unnamed: 37 | Unnamed: 38 | Unnamed: 39 | Unnamed: 40 | Unnamed: 41 | Unnamed: 42 | Unnamed: 43 | Unnamed: 44 | Unnamed: 45 | Unnamed: 46 | Unnamed: 47 | Unnamed: 48 | Unnamed: 49 | Unnamed: 50 | Unnamed: 51 | Unnamed: 52 | Unnamed: 53 | Unnamed: 54 | Unnamed: 55 | Unnamed: 56 | Unnamed: 57 | Unnamed: 58 | Unnamed: 59 | Unnamed: 60 | Unnamed: 61 | Unnamed: 62 | Unnamed: 63 | Unnamed: 64 | Unnamed: 65 | Unnamed: 66 | Unnamed: 67 | Unnamed: 68 | Unnamed: 69 | Unnamed: 70 | Unnamed: 71 | Unnamed: 72 | Unnamed: 73 | Unnamed: 74 | Unnamed: 75 | Unnamed: 76 | Unnamed: 77 | Unnamed: 78 | Unnamed: 79 | Unnamed: 80 | Unnamed: 81 | Unnamed: 82 | Unnamed: 83 | Unnamed: 84 | Unnamed: 85 | Unnamed: 86 | Unnamed: 87 | Unnamed: 88 | Unnamed: 89 | Unnamed: 90 | Unnamed: 91 | Unnamed: 92 | Unnamed: 93 | Unnamed: 94 | Unnamed: 95 | Unnamed: 96 | Unnamed: 97 | Unnamed: 98 | Unnamed: 99 | Unnamed: 100 | Unnamed: 101 | Unnamed: 102 | Unnamed: 103 | Unnamed: 104 | Unnamed: 105 | Unnamed: 106 | Unnamed: 107 | Unnamed: 108 | Unnamed: 109 | Unnamed: 110 | Unnamed: 111 | Unnamed: 112 | Unnamed: 113 | Unnamed: 114 | Unnamed: 115 | Unnamed: 116 | Unnamed: 117 | Unnamed: 118 | Unnamed: 119 | Unnamed: 120 | Unnamed: 121 | Unnamed: 122 | Unnamed: 123 | Unnamed: 124 | Unnamed: 125 | Unnamed: 126 | Unnamed: 127 | Unnamed: 128 | Unnamed: 129 | Unnamed: 130 | Unnamed: 131 | Unnamed: 132 | Unnamed: 133 | Unnamed: 134 | Unnamed: 135 | Unnamed: 136 | Unnamed: 137 | Unnamed: 138 | Unnamed: 139 | Unnamed: 140 | Unnamed: 141 | Unnamed: 142 | Unnamed: 143 | Unnamed: 144 | Unnamed: 145 | Unnamed: 146 | Unnamed: 147 | Unnamed: 148 | Unnamed: 149 | Unnamed: 150 | Unnamed: 151 | Unnamed: 152 | Unnamed: 153 | Unnamed: 154 | Unnamed: 155 | Unnamed: 156 | Unnamed: 157 | Unnamed: 158 | Unnamed: 159 | Unnamed: 160 | Unnamed: 161 | Unnamed: 162 | Unnamed: 163 | Unnamed: 164 | Unnamed: 165 | Unnamed: 166 | Unnamed: 167 | Unnamed: 168 | Unnamed: 169 | Unnamed: 170 | Unnamed: 171 | Unnamed: 172 | Unnamed: 173 | Unnamed: 174 | Unnamed: 175 | Unnamed: 176 | Unnamed: 177 | Unnamed: 178 | Unnamed: 179 | Unnamed: 180 | Unnamed: 181 | Unnamed: 182 | Unnamed: 183 | Unnamed: 184 | Unnamed: 185 | Unnamed: 186 | Unnamed: 187 | Unnamed: 188 | Unnamed: 189 | Unnamed: 190 | Unnamed: 191 | Unnamed: 192 | Unnamed: 193 | Unnamed: 194 | Unnamed: 195 | Unnamed: 196 | Unnamed: 197 | Unnamed: 198 | Unnamed: 199 | Unnamed: 200 | Unnamed: 201 | Unnamed: 202 | Unnamed: 203 | Unnamed: 204 | Unnamed: 205 | Unnamed: 206 | Unnamed: 207 | Unnamed: 208 | Unnamed: 209 | Unnamed: 210 | Unnamed: 211 | Unnamed: 212 | Unnamed: 213 | Unnamed: 214 | Unnamed: 215 | Unnamed: 216 | Unnamed: 217 | Unnamed: 218 | Unnamed: 219 | Unnamed: 220 | Unnamed: 221 | Unnamed: 222 | Unnamed: 223 | Unnamed: 224 | Unnamed: 225 | Unnamed: 226 | Unnamed: 227 | Unnamed: 228 | Unnamed: 229 | Unnamed: 230 | Unnamed: 231 | Unnamed: 232 | Unnamed: 233 | Unnamed: 234 | Unnamed: 235 | Unnamed: 236 | Unnamed: 237 | Unnamed: 238 | Unnamed: 239 | Unnamed: 240 | Unnamed: 241 | Unnamed: 242 | Unnamed: 243 | Unnamed: 244 | Unnamed: 245 | Unnamed: 246 | Unnamed: 247 | Unnamed: 248 | Unnamed: 249 | Unnamed: 250 | Unnamed: 251 | Unnamed: 252 | Unnamed: 253 | Unnamed: 254 | Unnamed: 255 | Unnamed: 256 | Unnamed: 257 | Unnamed: 258 | Unnamed: 259 | Unnamed: 260 | Unnamed: 261 | Unnamed: 262 | Unnamed: 263 | Unnamed: 264 | Unnamed: 265 | Unnamed: 266 | Unnamed: 267 | Unnamed: 268 | Unnamed: 269 | Unnamed: 270 | Unnamed: 271 | Unnamed: 272 | Unnamed: 273 | Unnamed: 274 | Unnamed: 275 | Unnamed: 276 | Unnamed: 277 | Unnamed: 278 | Unnamed: 279 | Unnamed: 280 | Unnamed: 281 | Unnamed: 282 | Unnamed: 283 | Unnamed: 284 | Unnamed: 285 | Unnamed: 286 | Unnamed: 287 | Unnamed: 288 | Unnamed: 289 | Unnamed: 290 | Unnamed: 291 | Unnamed: 292 | Unnamed: 293 | Unnamed: 294 | Unnamed: 295 | Unnamed: 296 | Unnamed: 297 | Unnamed: 298 | Unnamed: 299 | Unnamed: 300 | Unnamed: 301 | Unnamed: 302 | Unnamed: 303 | Unnamed: 304 | Unnamed: 305 | Unnamed: 306 | Unnamed: 307 | Unnamed: 308 | Unnamed: 309 | Unnamed: 310 | Unnamed: 311 | Unnamed: 312 | Unnamed: 313 | Unnamed: 314 | Unnamed: 315 | Unnamed: 316 | Unnamed: 317 | Unnamed: 318 | Unnamed: 319 | Unnamed: 320 | Unnamed: 321 | Unnamed: 322 | Unnamed: 323 | Unnamed: 324 | Unnamed: 325 | Unnamed: 326 | Unnamed: 327 | Unnamed: 328 | Unnamed: 329 | Unnamed: 330 | Unnamed: 331 | Unnamed: 332 | Unnamed: 333 | Unnamed: 334 | Unnamed: 335 | Unnamed: 336 | Unnamed: 337 | Unnamed: 338 | Unnamed: 339 | Unnamed: 340 | Unnamed: 341 | Unnamed: 342 | Unnamed: 343 | Unnamed: 344 | Unnamed: 345 | Unnamed: 346 | Unnamed: 347 | Unnamed: 348 | Unnamed: 349 | Unnamed: 350 | Unnamed: 351 | Unnamed: 352 | Unnamed: 353 | Unnamed: 354 | Unnamed: 355 | Unnamed: 356 | Unnamed: 357 | Unnamed: 358 | Unnamed: 359 | Unnamed: 360 | Unnamed: 361 | Unnamed: 362 | Unnamed: 363 | Unnamed: 364 | Unnamed: 365 | Unnamed: 366 | Unnamed: 367 | Unnamed: 368 | Unnamed: 369 | Unnamed: 370 | Unnamed: 371 | Unnamed: 372 | Unnamed: 373 | Unnamed: 374 | Unnamed: 375 | Unnamed: 376 | Unnamed: 377 | Unnamed: 378 | Unnamed: 379 | Unnamed: 380 | Unnamed: 381 | Unnamed: 382 | Unnamed: 383 | Unnamed: 384 | Unnamed: 385 | Unnamed: 386 | Unnamed: 387 | Unnamed: 388 | Unnamed: 389 | Unnamed: 390 | Unnamed: 391 | Unnamed: 392 | Unnamed: 393 | Unnamed: 394 | Unnamed: 395 | Unnamed: 396 | Unnamed: 397 | Unnamed: 398 | Unnamed: 399 | Unnamed: 400 | Unnamed: 401 | Unnamed: 402 | Unnamed: 403 | Unnamed: 404 | Unnamed: 405 | Unnamed: 406 | Unnamed: 407 | Unnamed: 408 | Unnamed: 409 | Unnamed: 410 | Unnamed: 411 | Unnamed: 412 | Unnamed: 413 | Unnamed: 414 | Unnamed: 415 | Unnamed: 416 | Unnamed: 417 | Unnamed: 418 | Unnamed: 419 | Unnamed: 420 | Unnamed: 421 | Unnamed: 422 | Unnamed: 423 | Unnamed: 424 | Unnamed: 425 | Unnamed: 426 | Unnamed: 427 | Unnamed: 428 | Unnamed: 429 | Unnamed: 430 | Unnamed: 431 | Unnamed: 432 | Unnamed: 433 | Unnamed: 434 | Unnamed: 435 | Unnamed: 436 | Unnamed: 437 | Unnamed: 438 | Unnamed: 439 | Unnamed: 440 | Unnamed: 441 | Unnamed: 442 | Unnamed: 443 | Unnamed: 444 | Unnamed: 445 | Unnamed: 446 | Unnamed: 447 | Unnamed: 448 | Unnamed: 449 | Unnamed: 450 | Unnamed: 451 | Unnamed: 452 | Unnamed: 453 | Unnamed: 454 | Unnamed: 455 | Unnamed: 456 | Unnamed: 457 | Unnamed: 458 | Unnamed: 459 | Unnamed: 460 | Unnamed: 461 | Unnamed: 462 | Unnamed: 463 | Unnamed: 464 | Unnamed: 465 | Unnamed: 466 | Unnamed: 467 | Unnamed: 468 | Unnamed: 469 | Unnamed: 470 | Unnamed: 471 | Unnamed: 472 | Unnamed: 473 | Unnamed: 474 | Unnamed: 475 | Unnamed: 476 | Unnamed: 477 | Unnamed: 478 | Unnamed: 479 | Unnamed: 480 | Unnamed: 481 | Unnamed: 482 | Unnamed: 483 | Unnamed: 484 | Unnamed: 485 | Unnamed: 486 | Unnamed: 487 | Unnamed: 488 | Unnamed: 489 | Unnamed: 490 | Unnamed: 491 | Unnamed: 492 | Unnamed: 493 | Unnamed: 494 | Unnamed: 495 | Unnamed: 496 | Unnamed: 497 | Unnamed: 498 | Unnamed: 499 | Unnamed: 500 | Unnamed: 501 | Unnamed: 502 | Unnamed: 503 | Unnamed: 504 | Unnamed: 505 | Unnamed: 506 | Unnamed: 507 | Unnamed: 508 | Unnamed: 509 | Unnamed: 510 | Unnamed: 511 | Unnamed: 512 | Unnamed: 513 | Unnamed: 514 | Unnamed: 515 | Unnamed: 516 | Unnamed: 517 | Unnamed: 518 | Unnamed: 519 | Unnamed: 520 | Unnamed: 521 | Unnamed: 522 | Unnamed: 523 | Unnamed: 524 | Unnamed: 525 | Unnamed: 526 | Unnamed: 527 | Unnamed: 528 | Unnamed: 529 | Unnamed: 530 | Unnamed: 531 | Unnamed: 532 | Unnamed: 533 | Unnamed: 534 | Unnamed: 535 | Unnamed: 536 | Unnamed: 537 | Unnamed: 538 | Unnamed: 539 | Unnamed: 540 | Unnamed: 541 | Unnamed: 542 | Unnamed: 543 | Unnamed: 544 | Unnamed: 545 | Unnamed: 546 | Unnamed: 547 | Unnamed: 548 | Unnamed: 549 | Unnamed: 550 | Unnamed: 551 | Unnamed: 552 | Unnamed: 553 | Unnamed: 554 | Unnamed: 555 | Unnamed: 556 | Unnamed: 557 | Unnamed: 558 | Unnamed: 559 | Unnamed: 560 | Unnamed: 561 | Unnamed: 562 | Unnamed: 563 | Unnamed: 564 | Unnamed: 565 | Unnamed: 566 | Unnamed: 567 | Unnamed: 568 | Unnamed: 569 | Unnamed: 570 | Unnamed: 571 | Unnamed: 572 | Unnamed: 573 | Unnamed: 574 | Unnamed: 575 | Unnamed: 576 | Unnamed: 577 | Unnamed: 578 | Unnamed: 579 | Unnamed: 580 | Unnamed: 581 | Unnamed: 582 | Unnamed: 583 | Unnamed: 584 | Unnamed: 585 | Unnamed: 586 | Unnamed: 587 | Unnamed: 588 | Unnamed: 589 | Unnamed: 590 | Unnamed: 591 | Unnamed: 592 | Unnamed: 593 | Unnamed: 594 | Unnamed: 595 | Unnamed: 596 | Unnamed: 597 | Unnamed: 598 | Unnamed: 599 | Unnamed: 600 | Unnamed: 601 | Unnamed: 602 | Unnamed: 603 | Unnamed: 604 | Unnamed: 605 | Unnamed: 606 | Unnamed: 607 | Unnamed: 608,Solicitud:0.0 | TipoTramite:0.0 | TipoExpediente:0.0 | SubTipoExpediente:0.0 | Superficie:0.0 | FechaHabilitacion:0.0 | HoraHabilitacion:0.0 | NumeroExp:0.08 | CodigoRubro:0.0 | DescripcionRubro:0.0 | CodigoSubRubro:22.43 | DescripcionSubRubro:27.35 | UnidadFuncional:25.12 | Seccion:10.24 | Manzana:12.75 | Parcela:3.84 | Partida_Matriz:4.39 | PartidaHorizontal:18.08 | Calles:7.6 | Titulares:12.5 | Cuits:3.54 | Unnamed: 21:13.3 | Unnamed: 22:31.44 | Unnamed: 23:50.14 | Unnamed: 24:71.5 | Unnamed: 25:82.97 | Unnamed: 26:91.03 | Unnamed: 27:93.43 | Unnamed: 28:95.84 | Unnamed: 29:97.52 | Unnamed: 30:98.32 | Unnamed: 31:98.78 | Unnamed: 32:99.09 | Unnamed: 33:99.34 | Unnamed: 34:99.45 | Unnamed: 35:99.58 | Unnamed: 36:99.63 | Unnamed: 37:99.67 | Unnamed: 38:99.7 | Unnamed: 39:99.73 | Unnamed: 40:99.75 | Unnamed: 41:99.75 | Unnamed: 42:99.76 | Unnamed: 43:99.77 | Unnamed: 44:99.76 | Unnamed: 45:99.77 | Unnamed: 46:99.77 | Unnamed: 47:99.77 | Unnamed: 48:99.78 | Unnamed: 49:99.79 | Unnamed: 50:99.8 | Unnamed: 51:99.8 | Unnamed: 52:99.81 | Unnamed: 53:99.81 | Unnamed: 54:99.81 | Unnamed: 55:99.81 | Unnamed: 56:99.83 | Unnamed: 57:99.86 | Unnamed: 58:99.88 | Unnamed: 59:99.9 | Unnamed: 60:99.92 | Unnamed: 61:99.92 | Unnamed: 62:99.92 | Unnamed: 63:99.94 | Unnamed: 64:99.94 | Unnamed: 65:99.95 | Unnamed: 66:99.95 | Unnamed: 67:99.95 | Unnamed: 68:99.95 | Unnamed: 69:99.95 | Unnamed: 70:99.95 | Unnamed: 71:99.95 | Unnamed: 72:99.95 | Unnamed: 73:99.96 | Unnamed: 74:99.96 | Unnamed: 75:99.97 | Unnamed: 76:99.97 | Unnamed: 77:99.97 | Unnamed: 78:99.98 | Unnamed: 79:99.98 | Unnamed: 80:99.98 | Unnamed: 81:99.98 | Unnamed: 82:99.98 | Unnamed: 83:99.98 | Unnamed: 84:99.98 | Unnamed: 85:99.98 | Unnamed: 86:99.98 | Unnamed: 87:99.99 | Unnamed: 88:99.99 | Unnamed: 89:99.99 | Unnamed: 90:99.99 | Unnamed: 91:99.99 | Unnamed: 92:99.99 | Unnamed: 93:99.99 | Unnamed: 94:99.99 | Unnamed: 95:99.99 | Unnamed: 96:99.99 | Unnamed: 97:99.99 | Unnamed: 98:99.99 | Unnamed: 99:99.99 | Unnamed: 100:99.99 | Unnamed: 101:99.99 | Unnamed: 102:99.99 | Unnamed: 103:99.99 | Unnamed: 104:99.99 | Unnamed: 105:99.99 | Unnamed: 106:99.99 | Unnamed: 107:99.99 | Unnamed: 108:99.99 | Unnamed: 109:99.99 | Unnamed: 110:99.99 | Unnamed: 111:99.99 | Unnamed: 112:99.99 | Unnamed: 113:99.99 | Unnamed: 114:99.99 | Unnamed: 115:99.99 | Unnamed: 116:99.99 | Unnamed: 117:99.99 | Unnamed: 118:99.99 | Unnamed: 119:99.99 | Unnamed: 120:99.99 | Unnamed: 121:99.99 | Unnamed: 122:99.99 | Unnamed: 123:99.99 | Unnamed: 124:99.99 | Unnamed: 125:99.99 | Unnamed: 126:99.99 | Unnamed: 127:99.99 | Unnamed: 128:99.99 | Unnamed: 129:99.99 | Unnamed: 130:99.99 | Unnamed: 131:99.99 | Unnamed: 132:99.99 | Unnamed: 133:99.99 | Unnamed: 134:99.99 | Unnamed: 135:99.99 | Unnamed: 136:99.99 | Unnamed: 137:99.99 | Unnamed: 138:99.99 | Unnamed: 139:99.99 | Unnamed: 140:99.99 | Unnamed: 141:99.99 | Unnamed: 142:99.99 | Unnamed: 143:99.99 | Unnamed: 144:99.99 | Unnamed: 145:99.99 | Unnamed: 146:99.99 | Unnamed: 147:99.99 | Unnamed: 148:99.99 | Unnamed: 149:99.99 | Unnamed: 150:99.99 | Unnamed: 151:99.99 | Unnamed: 152:99.99 | Unnamed: 153:99.99 | Unnamed: 154:99.99 | Unnamed: 155:99.99 | Unnamed: 156:99.99 | Unnamed: 157:99.99 | Unnamed: 158:99.99 | Unnamed: 159:99.99 | Unnamed: 160:99.99 | Unnamed: 161:99.99 | Unnamed: 162:99.99 | Unnamed: 163:99.99 | Unnamed: 164:99.99 | Unnamed: 165:99.99 | Unnamed: 166:99.99 | Unnamed: 167:99.99 | Unnamed: 168:99.99 | Unnamed: 169:99.99 | Unnamed: 170:99.99 | Unnamed: 171:99.99 | Unnamed: 172:99.99 | Unnamed: 173:99.99 | Unnamed: 174:99.99 | Unnamed: 175:99.99 | Unnamed: 176:99.99 | Unnamed: 177:99.99 | Unnamed: 178:99.99 | Unnamed: 179:99.99 | Unnamed: 180:99.99 | Unnamed: 181:99.99 | Unnamed: 182:99.99 | Unnamed: 183:99.99 | Unnamed: 184:99.99 | Unnamed: 185:99.99 | Unnamed: 186:99.99 | Unnamed: 187:99.99 | Unnamed: 188:99.99 | Unnamed: 189:99.99 | Unnamed: 190:99.99 | Unnamed: 191:99.99 | Unnamed: 192:99.99 | Unnamed: 193:99.99 | Unnamed: 194:99.99 | Unnamed: 195:99.99 | Unnamed: 196:99.99 | Unnamed: 197:99.99 | Unnamed: 198:99.99 | Unnamed: 199:99.99 | Unnamed: 200:99.99 | Unnamed: 201:99.99 | Unnamed: 202:99.99 | Unnamed: 203:99.99 | Unnamed: 204:99.99 | Unnamed: 205:99.99 | Unnamed: 206:99.99 | Unnamed: 207:99.99 | Unnamed: 208:99.99 | Unnamed: 209:99.99 | Unnamed: 210:99.99 | Unnamed: 211:99.99 | Unnamed: 212:99.99 | Unnamed: 213:99.99 | Unnamed: 214:99.99 | Unnamed: 215:99.99 | Unnamed: 216:99.99 | Unnamed: 217:99.99 | Unnamed: 218:99.99 | Unnamed: 219:99.99 | Unnamed: 220:99.99 | Unnamed: 221:99.99 | Unnamed: 222:99.99 | Unnamed: 223:99.99 | Unnamed: 224:99.99 | Unnamed: 225:99.99 | Unnamed: 226:99.99 | Unnamed: 227:99.99 | Unnamed: 228:99.99 | Unnamed: 229:99.99 | Unnamed: 230:99.99 | Unnamed: 231:99.99 | Unnamed: 232:99.99 | Unnamed: 233:99.99 | Unnamed: 234:99.99 | Unnamed: 235:99.99 | Unnamed: 236:99.99 | Unnamed: 237:99.99 | Unnamed: 238:100.0 | Unnamed: 239:100.0 | Unnamed: 240:100.0 | Unnamed: 241:100.0 | Unnamed: 242:100.0 | Unnamed: 243:100.0 | Unnamed: 244:100.0 | Unnamed: 245:100.0 | Unnamed: 246:100.0 | Unnamed: 247:100.0 | Unnamed: 248:100.0 | Unnamed: 249:100.0 | Unnamed: 250:100.0 | Unnamed: 251:100.0 | Unnamed: 252:100.0 | Unnamed: 253:100.0 | Unnamed: 254:100.0 | Unnamed: 255:100.0 | Unnamed: 256:100.0 | Unnamed: 257:100.0 | Unnamed: 258:100.0 | Unnamed: 259:100.0 | Unnamed: 260:100.0 | Unnamed: 261:100.0 | Unnamed: 262:100.0 | Unnamed: 263:100.0 | Unnamed: 264:100.0 | Unnamed: 265:100.0 | Unnamed: 266:100.0 | Unnamed: 267:100.0 | Unnamed: 268:100.0 | Unnamed: 269:100.0 | Unnamed: 270:100.0 | Unnamed: 271:100.0 | Unnamed: 272:100.0 | Unnamed: 273:100.0 | Unnamed: 274:100.0 | Unnamed: 275:100.0 | Unnamed: 276:100.0 | Unnamed: 277:100.0 | Unnamed: 278:100.0 | Unnamed: 279:100.0 | Unnamed: 280:100.0 | Unnamed: 281:100.0 | Unnamed: 282:100.0 | Unnamed: 283:100.0 | Unnamed: 284:100.0 | Unnamed: 285:100.0 | Unnamed: 286:100.0 | Unnamed: 287:100.0 | Unnamed: 288:100.0 | Unnamed: 289:100.0 | Unnamed: 290:100.0 | Unnamed: 291:100.0 | Unnamed: 292:100.0 | Unnamed: 293:100.0 | Unnamed: 294:100.0 | Unnamed: 295:100.0 | Unnamed: 296:100.0 | Unnamed: 297:100.0 | Unnamed: 298:100.0 | Unnamed: 299:100.0 | Unnamed: 300:100.0 | Unnamed: 301:100.0 | Unnamed: 302:100.0 | Unnamed: 303:100.0 | Unnamed: 304:100.0 | Unnamed: 305:100.0 | Unnamed: 306:100.0 | Unnamed: 307:100.0 | Unnamed: 308:100.0 | Unnamed: 309:100.0 | Unnamed: 310:100.0 | Unnamed: 311:100.0 | Unnamed: 312:100.0 | Unnamed: 313:100.0 | Unnamed: 314:100.0 | Unnamed: 315:100.0 | Unnamed: 316:100.0 | Unnamed: 317:100.0 | Unnamed: 318:100.0 | Unnamed: 319:100.0 | Unnamed: 320:100.0 | Unnamed: 321:100.0 | Unnamed: 322:100.0 | Unnamed: 323:100.0 | Unnamed: 324:100.0 | Unnamed: 325:100.0 | Unnamed: 326:100.0 | Unnamed: 327:100.0 | Unnamed: 328:100.0 | Unnamed: 329:100.0 | Unnamed: 330:100.0 | Unnamed: 331:100.0 | Unnamed: 332:100.0 | Unnamed: 333:100.0 | Unnamed: 334:100.0 | Unnamed: 335:100.0 | Unnamed: 336:100.0 | Unnamed: 337:100.0 | Unnamed: 338:100.0 | Unnamed: 339:100.0 | Unnamed: 340:100.0 | Unnamed: 341:100.0 | Unnamed: 342:100.0 | Unnamed: 343:100.0 | Unnamed: 344:100.0 | Unnamed: 345:100.0 | Unnamed: 346:100.0 | Unnamed: 347:100.0 | Unnamed: 348:100.0 | Unnamed: 349:100.0 | Unnamed: 350:100.0 | Unnamed: 351:100.0 | Unnamed: 352:100.0 | Unnamed: 353:100.0 | Unnamed: 354:100.0 | Unnamed: 355:100.0 | Unnamed: 356:100.0 | Unnamed: 357:100.0 | Unnamed: 358:100.0 | Unnamed: 359:100.0 | Unnamed: 360:100.0 | Unnamed: 361:100.0 | Unnamed: 362:100.0 | Unnamed: 363:100.0 | Unnamed: 364:100.0 | Unnamed: 365:100.0 | Unnamed: 366:100.0 | Unnamed: 367:100.0 | Unnamed: 368:100.0 | Unnamed: 369:100.0 | Unnamed: 370:100.0 | Unnamed: 371:100.0 | Unnamed: 372:100.0 | Unnamed: 373:100.0 | Unnamed: 374:100.0 | Unnamed: 375:100.0 | Unnamed: 376:100.0 | Unnamed: 377:100.0 | Unnamed: 378:100.0 | Unnamed: 379:100.0 | Unnamed: 380:100.0 | Unnamed: 381:100.0 | Unnamed: 382:100.0 | Unnamed: 383:100.0 | Unnamed: 384:100.0 | Unnamed: 385:100.0 | Unnamed: 386:100.0 | Unnamed: 387:100.0 | Unnamed: 388:100.0 | Unnamed: 389:100.0 | Unnamed: 390:100.0 | Unnamed: 391:100.0 | Unnamed: 392:100.0 | Unnamed: 393:100.0 | Unnamed: 394:100.0 | Unnamed: 395:100.0 | Unnamed: 396:100.0 | Unnamed: 397:100.0 | Unnamed: 398:100.0 | Unnamed: 399:100.0 | Unnamed: 400:100.0 | Unnamed: 401:100.0 | Unnamed: 402:100.0 | Unnamed: 403:100.0 | Unnamed: 404:100.0 | Unnamed: 405:100.0 | Unnamed: 406:100.0 | Unnamed: 407:100.0 | Unnamed: 408:100.0 | Unnamed: 409:100.0 | Unnamed: 410:100.0 | Unnamed: 411:100.0 | Unnamed: 412:100.0 | Unnamed: 413:100.0 | Unnamed: 414:100.0 | Unnamed: 415:100.0 | Unnamed: 416:100.0 | Unnamed: 417:100.0 | Unnamed: 418:100.0 | Unnamed: 419:100.0 | Unnamed: 420:100.0 | Unnamed: 421:100.0 | Unnamed: 422:100.0 | Unnamed: 423:100.0 | Unnamed: 424:100.0 | Unnamed: 425:100.0 | Unnamed: 426:100.0 | Unnamed: 427:100.0 | Unnamed: 428:100.0 | Unnamed: 429:100.0 | Unnamed: 430:100.0 | Unnamed: 431:100.0 | Unnamed: 432:100.0 | Unnamed: 433:100.0 | Unnamed: 434:100.0 | Unnamed: 435:100.0 | Unnamed: 436:100.0 | Unnamed: 437:100.0 | Unnamed: 438:100.0 | Unnamed: 439:100.0 | Unnamed: 440:100.0 | Unnamed: 441:100.0 | Unnamed: 442:100.0 | Unnamed: 443:100.0 | Unnamed: 444:100.0 | Unnamed: 445:100.0 | Unnamed: 446:100.0 | Unnamed: 447:100.0 | Unnamed: 448:100.0 | Unnamed: 449:100.0 | Unnamed: 450:100.0 | Unnamed: 451:100.0 | Unnamed: 452:100.0 | Unnamed: 453:100.0 | Unnamed: 454:100.0 | Unnamed: 455:100.0 | Unnamed: 456:100.0 | Unnamed: 457:100.0 | Unnamed: 458:100.0 | Unnamed: 459:100.0 | Unnamed: 460:100.0 | Unnamed: 461:100.0 | Unnamed: 462:100.0 | Unnamed: 463:100.0 | Unnamed: 464:100.0 | Unnamed: 465:100.0 | Unnamed: 466:100.0 | Unnamed: 467:100.0 | Unnamed: 468:100.0 | Unnamed: 469:100.0 | Unnamed: 470:100.0 | Unnamed: 471:100.0 | Unnamed: 472:100.0 | Unnamed: 473:100.0 | Unnamed: 474:100.0 | Unnamed: 475:100.0 | Unnamed: 476:100.0 | Unnamed: 477:100.0 | Unnamed: 478:100.0 | Unnamed: 479:100.0 | Unnamed: 480:100.0 | Unnamed: 481:100.0 | Unnamed: 482:100.0 | Unnamed: 483:100.0 | Unnamed: 484:100.0 | Unnamed: 485:100.0 | Unnamed: 486:100.0 | Unnamed: 487:100.0 | Unnamed: 488:100.0 | Unnamed: 489:100.0 | Unnamed: 490:100.0 | Unnamed: 491:100.0 | Unnamed: 492:100.0 | Unnamed: 493:100.0 | Unnamed: 494:100.0 | Unnamed: 495:100.0 | Unnamed: 496:100.0 | Unnamed: 497:100.0 | Unnamed: 498:100.0 | Unnamed: 499:100.0 | Unnamed: 500:100.0 | Unnamed: 501:100.0 | Unnamed: 502:100.0 | Unnamed: 503:100.0 | Unnamed: 504:100.0 | Unnamed: 505:100.0 | Unnamed: 506:100.0 | Unnamed: 507:100.0 | Unnamed: 508:100.0 | Unnamed: 509:100.0 | Unnamed: 510:100.0 | Unnamed: 511:100.0 | Unnamed: 512:100.0 | Unnamed: 513:100.0 | Unnamed: 514:100.0 | Unnamed: 515:100.0 | Unnamed: 516:100.0 | Unnamed: 517:100.0 | Unnamed: 518:100.0 | Unnamed: 519:100.0 | Unnamed: 520:100.0 | Unnamed: 521:100.0 | Unnamed: 522:100.0 | Unnamed: 523:100.0 | Unnamed: 524:100.0 | Unnamed: 525:100.0 | Unnamed: 526:100.0 | Unnamed: 527:100.0 | Unnamed: 528:100.0 | Unnamed: 529:100.0 | Unnamed: 530:100.0 | Unnamed: 531:100.0 | Unnamed: 532:100.0 | Unnamed: 533:100.0 | Unnamed: 534:100.0 | Unnamed: 535:100.0 | Unnamed: 536:100.0 | Unnamed: 537:100.0 | Unnamed: 538:100.0 | Unnamed: 539:100.0 | Unnamed: 540:100.0 | Unnamed: 541:100.0 | Unnamed: 542:100.0 | Unnamed: 543:100.0 | Unnamed: 544:100.0 | Unnamed: 545:100.0 | Unnamed: 546:100.0 | Unnamed: 547:100.0 | Unnamed: 548:100.0 | Unnamed: 549:100.0 | Unnamed: 550:100.0 | Unnamed: 551:100.0 | Unnamed: 552:100.0 | Unnamed: 553:100.0 | Unnamed: 554:100.0 | Unnamed: 555:100.0 | Unnamed: 556:100.0 | Unnamed: 557:100.0 | Unnamed: 558:100.0 | Unnamed: 559:100.0 | Unnamed: 560:100.0 | Unnamed: 561:100.0 | Unnamed: 562:100.0 | Unnamed: 563:100.0 | Unnamed: 564:100.0 | Unnamed: 565:100.0 | Unnamed: 566:100.0 | Unnamed: 567:100.0 | Unnamed: 568:100.0 | Unnamed: 569:100.0 | Unnamed: 570:100.0 | Unnamed: 571:100.0 | Unnamed: 572:100.0 | Unnamed: 573:100.0 | Unnamed: 574:100.0 | Unnamed: 575:100.0 | Unnamed: 576:100.0 | Unnamed: 577:100.0 | Unnamed: 578:100.0 | Unnamed: 579:100.0 | Unnamed: 580:100.0 | Unnamed: 581:100.0 | Unnamed: 582:100.0 | Unnamed: 583:100.0 | Unnamed: 584:100.0 | Unnamed: 585:100.0 | Unnamed: 586:100.0 | Unnamed: 587:100.0 | Unnamed: 588:100.0 | Unnamed: 589:100.0 | Unnamed: 590:100.0 | Unnamed: 591:100.0 | Unnamed: 592:100.0 | Unnamed: 593:100.0 | Unnamed: 594:100.0 | Unnamed: 595:100.0 | Unnamed: 596:100.0 | Unnamed: 597:100.0 | Unnamed: 598:100.0 | Unnamed: 599:100.0 | Unnamed: 600:100.0 | Unnamed: 601:100.0 | Unnamed: 602:100.0 | Unnamed: 603:100.0 | Unnamed: 604:100.0 | Unnamed: 605:100.0 | Unnamed: 606:100.0 | Unnamed: 607:100.0 | Unnamed: 608:100.0,492,Calles,FechaHabilitacion,0,NumeroExp=<vacio> (12); CodigoSubRubro=<vacio> (1252); DescripcionSubRubro=<vacio> (1490); UnidadFuncional=<vacio> (1407); Seccion=<vacio> (509); Manzana=<vacio> (641); Parcela=<vacio> (147); Partida_Matriz=<vacio> (183); PartidaHorizontal=<vacio> (1030); Calles=<vacio> (330); Titulares=<vacio> (627); Cuits=<vacio> (127),dataset completo probable,usar como insumo real luego de validar columnas y FKs
f02_habilitaciones_aprobadas_2022.csv,C:\proyectos\Gastronomia\DataGastro\data\raw\f02_habilitaciones_aprobadas_2022.csv,raw_real,7945815,UTF-8-SIG,';',26430,21,Solicitud | TipoTramite | TipoExpediente | SubTipoExpediente | Superficie | FechaHabilitacion | HoraHabilitacion | NumeroExp | CodigoRubro | DescripcionRubro | CodigoSubRubro | DescripcionSubRubro | UnidadFuncional | Seccion | Manzana | Parcela | Partida_Matriz | PartidaHorizontal | Calles | Titulares | Cuits,Solicitud:0.0 | TipoTramite:0.0 | TipoExpediente:0.0 | SubTipoExpediente:0.01 | Superficie:0.0 | FechaHabilitacion:0.0 | HoraHabilitacion:1.54 | NumeroExp:0.63 | CodigoRubro:0.0 | DescripcionRubro:0.0 | CodigoSubRubro:30.2 | DescripcionSubRubro:30.2 | UnidadFuncional:44.28 | Seccion:0.02 | Manzana:0.02 | Parcela:0.02 | Partida_Matriz:0.43 | PartidaHorizontal:44.42 | Calles:0.0 | Titulares:0.0 | Cuits:0.0,461,Calles,FechaHabilitacion,0,NumeroExp=<vacio> (63); CodigoSubRubro=<vacio> (1743); DescripcionSubRubro=<vacio> (1743); UnidadFuncional=<vacio> (2369); Seccion=<vacio> (1); Manzana=<vacio> (1); Parcela=<vacio> (1); Partida_Matriz=<vacio> (16); PartidaHorizontal=<vacio> (2387),dataset completo probable,usar como insumo real luego de validar columnas y FKs
f02_habilitaciones_aprobadas_2023.csv,C:\proyectos\Gastronomia\DataGastro\data\raw\f02_habilitaciones_aprobadas_2023.csv,raw_real,1486642,UTF-8-SIG,';',5063,21,Solicitud | TipoTramite | TipoExpediente | SubTipoExpediente | Superficie | FechaHabilitacion | HoraHabilitacion | NumeroExp | CodigoRubro | DescripcionRubro | CodigoSubRubro | DescripcionSubRubro | UnidadFuncional | Seccion | Manzana | Parcela | Partida_Matriz | PartidaHorizontal | Calles | Titulares | Cuits,Solicitud:0.0 | TipoTramite:0.0 | TipoExpediente:0.0 | SubTipoExpediente:0.0 | Superficie:0.0 | FechaHabilitacion:12.68 | HoraHabilitacion:12.68 | NumeroExp:0.0 | CodigoRubro:0.08 | DescripcionRubro:0.08 | CodigoSubRubro:32.1 | DescripcionSubRubro:32.1 | UnidadFuncional:43.69 | Seccion:0.0 | Manzana:0.0 | Parcela:0.0 | Partida_Matriz:0.34 | PartidaHorizontal:43.77 | Calles:0.0 | Titulares:0.0 | Cuits:0.0,93,Calles,FechaHabilitacion,0,FechaHabilitacion=<vacio> (637); HoraHabilitacion=<vacio> (637); CodigoRubro=<vacio> (4); DescripcionRubro=<vacio> (4); CodigoSubRubro=<vacio> (1597); DescripcionSubRubro=<vacio> (1597); UnidadFuncional=<vacio> (2185); Partida_Matriz=<vacio> (17); PartidaHorizontal=<vacio> (2189),dataset completo probable,usar como insumo real luego de validar columnas y FKs
f02_habilitaciones_aprobadas_2024.csv,C:\proyectos\Gastronomia\DataGastro\data\raw\f02_habilitaciones_aprobadas_2024.csv,raw_real,2495081,cp1250,';',8637,21,Solicitud | TipoTramite | TipoExpediente | SubTipoExpediente | Superficie | FechaHabilitacion | HoraHabilitacion | NumeroExp | CodigoRubro | DescripcionRubro | CodigoSubRubro | DescripcionSubRubro | UnidadFuncional | Seccion | Manzana | Parcela | Partida_Matriz | PartidaHorizontal | Calles | Titulares | Cuits,Solicitud:0.0 | TipoTramite:0.0 | TipoExpediente:0.0 | SubTipoExpediente:0.0 | Superficie:0.0 | FechaHabilitacion:0.0 | HoraHabilitacion:0.0 | NumeroExp:0.0 | CodigoRubro:0.0 | DescripcionRubro:0.0 | CodigoSubRubro:30.6 | DescripcionSubRubro:30.6 | UnidadFuncional:48.08 | Seccion:0.02 | Manzana:0.02 | Parcela:0.02 | Partida_Matriz:0.75 | PartidaHorizontal:48.13 | Calles:0.0 | Titulares:0.0 | Cuits:0.0,331,Calles,FechaHabilitacion,0,CodigoSubRubro=<vacio> (1579); DescripcionSubRubro=<vacio> (1579); UnidadFuncional=<vacio> (2573); Seccion=<vacio> (2); Manzana=<vacio> (2); Parcela=<vacio> (2); Partida_Matriz=<vacio> (54); PartidaHorizontal=<vacio> (2577),dataset completo probable,usar como insumo real luego de validar columnas y FKs
f02_habilitaciones_aprobadas_2025.csv,C:\proyectos\Gastronomia\DataGastro\data\raw\f02_habilitaciones_aprobadas_2025.csv,raw_real,66925430,UTF-8-SIG,"','",145483,9,razon_social | rubro | cod_postal_titular | domicilio | comuna | nropartidamatriz | telefono | disposicion | comentarios,razon_social:0.0 | rubro:0.0 | cod_postal_titular:34.14 | domicilio:0.0 | comuna:0.0 | nropartidamatriz:0.05 | telefono:97.72 | disposicion:4.7 | comentarios:0.24,69075,domicilio | comuna,,0,cod_postal_titular=<vacio> (3172); telefono=<vacio> (5000); disposicion=<vacio> (4662),dataset completo probable,usar como insumo real luego de validar columnas y FKs
f03_ferias.csv,C:\proyectos\Gastronomia\DataGastro\data\raw\f03_ferias.csv,raw_real,7374,utf-8,"','",30,15,lat | lng | id | objeto | tipo | nombre | dias | observacio | direccion | calle | cruce | direc_norm | direc_arcg | barrio | comuna,lat:0.0 | lng:0.0 | id:0.0 | objeto:0.0 | tipo:0.0 | nombre:0.0 | dias:0.0 | observacio:0.0 | direccion:0.0 | calle:0.0 | cruce:0.0 | direc_norm:0.0 | direc_arcg:0.0 | barrio:0.0 | comuna:0.0,0,lat | direccion | calle | barrio | comuna,,0,,dataset real pequeno,usar como seed/fallback
f03_ferias_mercados.csv,C:\proyectos\Gastronomia\DataGastro\data\raw\f03_ferias_mercados.csv,raw_real,363681,utf-8,"','",4352,7,id | feria | puesto | rubro | apellido | nombre | categoria,id:0.0 | feria:0.0 | puesto:42.85 | rubro:0.02 | apellido:0.0 | nombre:0.07 | categoria:0.0,0,,,0,puesto=<vacio> (1865); rubro=<vacio> (1); nombre=<vacio> (3),dataset completo probable,usar como insumo real luego de validar columnas y FKs
f03_mercados.csv,C:\proyectos\Gastronomia\DataGastro\data\raw\f03_mercados.csv,raw_real,621,utf-8,"','",6,5,nombre | ubicacion | barrio | arc_street | nombre_map,nombre:0.0 | ubicacion:0.0 | barrio:0.0 | arc_street:0.0 | nombre_map:0.0,0,ubicacion | barrio,,0,,raw real sospechoso por tamano,usar como seed/fallback
raw_establecimientos_gastronomicos.csv,C:\proyectos\Gastronomia\DataGastro\data\seeds\raw_establecimientos_gastronomicos.csv,seed,1169,utf-8,"','",6,12,id_raw | id_fuente | nombre_original | categoria_original | direccion_original | barrio_original | comuna_original | fecha_extraccion | calidad_dato | requiere_validacion | motivo_validacion | observaciones_raw,id_raw:0.0 | id_fuente:0.0 | nombre_original:0.0 | categoria_original:0.0 | direccion_original:0.0 | barrio_original:0.0 | comuna_original:0.0 | fecha_extraccion:0.0 | calidad_dato:0.0 | requiere_validacion:0.0 | motivo_validacion:0.0 | observaciones_raw:0.0,0,direccion_original | barrio_original | comuna_original,fecha_extraccion,0,,seed/manual,usar como seed/fallback
raw_eventos_gastronomicos.csv,C:\proyectos\Gastronomia\DataGastro\data\seeds\raw_eventos_gastronomicos.csv,seed,1599,utf-8,"','",6,12,id_raw | id_fuente | nombre_evento_original | fecha_original | ubicacion_original | organizador_original | precio_original | fecha_extraccion | calidad_dato | requiere_validacion | motivo_validacion | observaciones_raw,id_raw:0.0 | id_fuente:0.0 | nombre_evento_original:0.0 | fecha_original:0.0 | ubicacion_original:0.0 | organizador_original:0.0 | precio_original:0.0 | fecha_extraccion:0.0 | calidad_dato:0.0 | requiere_validacion:0.0 | motivo_validacion:0.0 | observaciones_raw:16.67,0,ubicacion_original,fecha_original | fecha_extraccion,0,observaciones_raw=<vacio> (1),seed/manual,usar como seed/fallback
raw_ferias_mercados.csv,C:\proyectos\Gastronomia\DataGastro\data\seeds\raw_ferias_mercados.csv,seed,1582,utf-8,"','",6,14,id_raw | id_fuente | nombre_original | tipo_original | direccion_original | barrio_original | comuna_original | dias_horarios_original | gestion_original | fecha_extraccion | calidad_dato | requiere_validacion | motivo_validacion | observaciones_raw,id_raw:0.0 | id_fuente:0.0 | nombre_original:0.0 | tipo_original:0.0 | direccion_original:0.0 | barrio_original:0.0 | comuna_original:0.0 | dias_horarios_original:0.0 | gestion_original:0.0 | fecha_extraccion:0.0 | calidad_dato:0.0 | requiere_validacion:0.0 | motivo_validacion:50.0 | observaciones_raw:16.67,0,direccion_original | barrio_original | comuna_original,fecha_extraccion,0,motivo_validacion=<vacio> (3); observaciones_raw=<vacio> (1),seed/manual,usar como seed/fallback
raw_fuentes_relevadas.csv,C:\proyectos\Gastronomia\DataGastro\data\seeds\raw_fuentes_relevadas.csv,seed,4250,utf-8,"','",16,9,id_fuente_raw | nombre_fuente | organismo | tipo_fuente | url | formato | calidad_estimada | fecha_consulta | observaciones,id_fuente_raw:0.0 | nombre_fuente:0.0 | organismo:0.0 | tipo_fuente:0.0 | url:0.0 | formato:0.0 | calidad_estimada:0.0 | fecha_consulta:0.0 | observaciones:0.0,0,,fecha_consulta,0,,seed/manual,usar como seed/fallback
raw_habilitaciones_aprobadas.csv,C:\proyectos\Gastronomia\DataGastro\data\seeds\raw_habilitaciones_aprobadas.csv,seed,221,ascii,"','",0,14,id_raw | id_fuente | anio | fecha_habilitacion | rubro_original | direccion_original | superficie | es_gastronomico | categoria_gastronomica_inferida | fecha_extraccion | calidad_dato | requiere_validacion | motivo_validacion | observaciones_raw,id_raw:0.0 | id_fuente:0.0 | anio:0.0 | fecha_habilitacion:0.0 | rubro_original:0.0 | direccion_original:0.0 | superficie:0.0 | es_gastronomico:0.0 | categoria_gastronomica_inferida:0.0 | fecha_extraccion:0.0 | calidad_dato:0.0 | requiere_validacion:0.0 | motivo_validacion:0.0 | observaciones_raw:0.0,0,direccion_original,anio | fecha_habilitacion | fecha_extraccion,0,,seed/manual,usar como seed/fallback
raw_normativa_gastronomica.csv,C:\proyectos\Gastronomia\DataGastro\data\seeds\raw_normativa_gastronomica.csv,seed,431,utf-8,"','",1,12,id_raw | id_fuente | nombre_norma_original | tipo_norma | tema | fecha_original | url_fuente | fecha_extraccion | calidad_dato | requiere_validacion | motivo_validacion | observaciones_raw,id_raw:0.0 | id_fuente:0.0 | nombre_norma_original:0.0 | tipo_norma:0.0 | tema:0.0 | fecha_original:0.0 | url_fuente:0.0 | fecha_extraccion:0.0 | calidad_dato:0.0 | requiere_validacion:0.0 | motivo_validacion:0.0 | observaciones_raw:0.0,0,,fecha_original | fecha_extraccion,0,,seed/manual,usar como seed/fallback
raw_programas_politicas.csv,C:\proyectos\Gastronomia\DataGastro\data\seeds\raw_programas_politicas.csv,seed,2081,utf-8,"','",6,11,id_raw | id_fuente | nombre_original | organismo_original | estado_original | descripcion_original | fecha_extraccion | calidad_dato | requiere_validacion | motivo_validacion | observaciones_raw,id_raw:0.0 | id_fuente:0.0 | nombre_original:0.0 | organismo_original:0.0 | estado_original:0.0 | descripcion_original:0.0 | fecha_extraccion:0.0 | calidad_dato:0.0 | requiere_validacion:0.0 | motivo_validacion:16.67 | observaciones_raw:16.67,0,,fecha_extraccion,0,motivo_validacion=<vacio> (1); observaciones_raw=<vacio> (1),seed/manual,usar como seed/fallback
